,A,B,C,D
2000-01-01,-0.5794360929647683,0.08863321803056613,-1.6672555854066837,-0.8884930926005394
2000-01-02,0.6048905058815677,-1.010919999270046,-0.7082520497690591,1.5400908738668733
2000-01-03,0.082539975119492,0.47486815851289993,0.6740105543176579,-0.4361389174169291
2000-01-04,3.245744716957468,0.37013277276616363,-0.8400347084892364,-0.24087104472433918
2000-01-05,-0.32873041864516306,0.6428606523842554,1.4709575474010064,1.1505559476167757
2000-01-06,-0.7272394311451826,2.291136507703458,-0.37482961085944483,-0.43220271952190525
2000-01-07,0.18630613229667847,0.9143817485129315,0.3359894360690245,-1.7067834868062615
2000-01-08,-0.8541890215391831,0.4589614750611412,-0.21858082774807464,-0.018919715124324422
2000-01-09,-0.28143533762856676,0.7042655971494962,1.7615771414368204,0.619765140069846
2000-01-10,0.9751583191422608,-1.1629706285807813,0.831629952912508,-0.2881722042020455
2000-01-11,-1.837160682119783,-0.23706953912087197,-2.27388469720746,0.2897707124017287
2000-01-12,3.688833257842013,0.6419611622135035,-0.14516351170200206,-0.04278740893855259
2000-01-13,1.159260577593106,0.49575209775338697,0.6814570742231446,-0.5528305613589548
2000-01-14,0.3367258471496593,1.831901025085776,0.14352031493819606,1.5635385975905778
2000-01-15,-0.8212067963052805,-0.8919149596723907,-0.20407842904554693,1.5312713942241265
2000-01-16,0.06426671972116016,0.14137789595999714,-0.8967630541880981,0.6287909284086418
2000-01-17,1.0913037751579409,-0.059788400641205726,-0.050220891461373936,0.27610786095490175
2000-01-18,0.49657934977556273,-0.46840498754545945,0.5817074348582104,2.1067235911121887
2000-01-19,-0.8446235265408116,0.13004437575537786,-0.28796130952570625,-0.0847206485849545
2000-01-20,-0.5984689162917782,-0.4832285752844568,-0.12946763031980132,0.09013202047406153
2000-01-21,-0.00587285214556628,1.0421670141591737,0.051844897793480164,-0.6161852648933327
2000-01-22,0.8811750535090981,1.1911331791444677,-0.7115220679945008,0.09878791514063485
2000-01-23,-0.008603839465249325,0.4214234161581359,-0.05465684518833724,0.8184551998097601
2000-01-24,0.7003338940480299,1.4705153988350013,-0.07313460459041522,0.9564709154131753
2000-01-25,-0.6237983628996545,-0.21818877967351316,-0.7523017063912419,-0.08503868905015338
2000-01-26,-1.0174689444108627,-1.2038609312576014,2.7414617324368304,0.9849679738064977
2000-01-27,0.595967553209667,-0.5676292529533967,2.80028350282394,0.6810922608554547
2000-01-28,0.014316876534621702,-0.9064992638108946,0.25527922942999787,0.8585132343638353
2000-01-29,-0.5765000930540504,-1.1768732161073887,2.269941368020163,0.3334681952989725
2000-01-30,-1.2581707954410042,-0.5818802224554188,0.3017450138487871,0.05321637107834702
2000-01-31,-0.283659330822347,0.8330909061891878,-0.5039205780607442,-0.8866508217792718
2000-02-01,-0.05199244273282665,-0.6666306238683304,-0.7928506434624043,1.5679695997855476
2000-02-02,-0.6109585087025584,-0.02943671788092815,-1.6360525873715612,0.31923819091398536
2000-02-03,-0.9235760091914053,-1.9830129578096711,1.0231028637996016,-0.5480122788252962
2000-02-04,0.4267846206531613,-1.491850067424326,-0.371664849329703,-0.8478307935681633
2000-02-05,0.647715071483438,-1.3239090849441064,-0.7156895259417523,2.219948959891125
2000-02-06,-0.6531920501031978,0.8879494241326475,0.3907303681347,0.5739316214071694
2000-02-07,0.4987396920513772,0.1335877293767189,-0.013819055982690906,-0.06034718236409276
2000-02-08,-0.742061445224464,2.129965940622086,-0.6205441318728601,0.8118490188846347
2000-02-09,1.2749980849702662,0.10887765279532016,0.5249057120870645,-0.44668484236629274
2000-02-10,-0.9661685745103875,1.3776600809100599,-0.8142318451938202,-2.1439310046822038
2000-02-11,0.7835129075319504,0.39425524102459303,0.6538141893627611,0.05379622812234129
2000-02-12,-0.5140172044117934,1.0644614650079527,-0.6665119875622059,-0.5833079522381066
2000-02-13,0.44478225636488034,-2.0044129641796333,0.05577006037768895,-0.6295798568586568
2000-02-14,-1.0787969090448304,0.8519371119245962,-1.2629856639874713,-0.3202041163175799
2000-02-15,0.04516924717907643,0.7395527503178423,-1.0270395788353803,-0.2364616121457471
2000-02-16,1.957203705286087,0.682137674329892,1.7092037325276206,-1.3064659446528493
2000-02-17,-1.9216191479363993,1.6484575600551703,-1.4668004596018878,1.173609766048639
2000-02-18,-0.20689496937541196,-0.18139558821074508,0.49960215454426965,-0.3067903479777746
2000-02-19,-0.031038426887342572,0.8943264573356048,-2.718432123195838,-1.3023727753922194
2000-02-20,-1.4930793068388672,-0.10238658163213782,-1.4974028830470705,2.5524629678782205
2000-02-21,-0.5410719086041663,-0.9873064957994163,1.085716672206258,1.0158172541980333
2000-02-22,0.6903961283980149,-0.5310111003823779,0.7160856996775428,0.2872309664815559
2000-02-23,0.620758368835272,-1.1536922967386256,1.13141395375022,0.8685057806527129
2000-02-24,-2.0340205797426916,0.33240408978836633,-0.4213738858883351,1.4066352589349602
2000-02-25,-0.1775732687417992,-2.731599676934183,-0.22717120961544793,0.18719551468739443
2000-02-26,-2.1103411448895195,1.185756593637935,-2.2408376535786463,-0.5757752999946141
2000-02-27,0.2332073666943586,0.3590061380646342,-0.18687782769955166,0.1663084915460358
2000-02-28,0.8764727778246648,0.36162798114793987,-0.5843181941157976,-0.00793895659931544
2000-02-29,1.141072228661058,0.6246922798911337,-0.2894602362504669,0.8713416994720921
2000-03-01,-0.5156983930248653,0.5407539484291772,-0.10100527195081774,0.7961989102058672
2000-03-02,1.4648511620808973,-1.8062434104894525,-0.4835790077048896,-0.6032322684242022
2000-03-03,-1.0349035625836394,1.106673475830514,-1.8181721932706558,-0.6069052564612606
2000-03-04,1.1950736286526014,0.1006392391700769,0.9716076478517895,0.4179770972241656
2000-03-05,1.0044206283729817,-0.4148339588602975,1.5248444375286734,0.5524807795388731
2000-03-06,-0.08638039712489246,-0.6518924430339398,-0.5460728481774187,0.8275696275416632
2000-03-07,-0.9726450386050047,0.8816353361226525,0.6783910773060576,0.7052892046674814
2000-03-08,0.6943010522586994,0.35778687563007394,-1.0917617138563125,0.4728039769729056
2000-03-09,-0.519480002046466,-0.004106595938361723,0.6740925388370895,1.5824185483901074
2000-03-10,1.5391078859286693,0.24863695648223896,0.5557334231937378,0.27273397363547874
2000-03-11,-0.3954662229684378,-0.06968937731372848,0.014433512932719638,0.7164897268175101
2000-03-12,0.6858190554610708,-1.0271810873547789,-0.2029803452404122,0.8678737265660799
2000-03-13,-0.8600023547932943,0.6122261244504105,-0.5679234749041564,0.5005570834674893
2000-03-14,0.8044306278786146,0.2289463971425891,0.46835146332583627,1.5288435344220972
2000-03-15,-0.15259400249940405,2.4763694570469283,-1.9853762676524782,0.7740100203992185
2000-03-16,0.17228974348850565,-0.9019857823748402,0.7849555952854997,-0.6494211890625141
2000-03-17,0.33113752102083877,0.30064984191941563,-0.29463899308288116,0.8874915377230325
2000-03-18,-0.09150464195551887,-0.6780187078091259,-1.0673982617913687,-1.0970956030831447
2000-03-19,-1.2976768944302202,0.5202925804461114,0.874409220971591,0.46186609360921366
2000-03-20,-0.28120901002313753,0.4229838374496751,1.6435893731130493,0.45738158311286764
2000-03-21,-0.18012184336835796,-0.58020730142536,0.18902608612074087,-1.336224093667543
2000-03-22,1.3014289610753487,-0.058619848976496594,1.2775379522100139,-0.22635366441028335
2000-03-23,-1.2724906675375594,0.261779648932686,1.5197732166429399,-0.15960417072366653
2000-03-24,-1.4305612144915338,1.2256631256385209,-1.2202751014486837,0.6517716124241193
2000-03-25,2.115071082501698,0.22600309570670077,-1.1163376582518307,0.6028366622733133
2000-03-26,-1.4902120807563612,-0.7196472739051755,-0.8086820950895255,0.23631823682689732
2000-03-27,1.201763953593307,0.12598576109611567,0.6431828804634754,1.3003025469204492
2000-03-28,0.9409455599164224,-0.7844193289012138,0.8669659805055665,1.9242120421686295
2000-03-29,0.9498429865649438,0.33945423955829757,0.30235396250707985,-0.6513558285727947
2000-03-30,0.9868732177206431,0.03177713720866041,-0.6711281803117488,-0.07220481819227115
2000-03-31,-0.5181693688140788,1.1042825838483326,0.8407325000096088,-0.07892933787151012
2000-04-01,1.0748981696123,0.2547057724202376,0.2238609284644653,0.00893570263396087
2000-04-02,0.003577738260331138,0.4509727369901035,1.0138776971398569,-0.10330278869045974
2000-04-03,0.5336429666467727,-0.9253715362060698,0.8930874379116204,-1.3814384301249159
2000-04-04,-0.42736486488853764,0.07827299492339433,-0.13341408603399157,1.2620797852900898
2000-04-05,0.10568529479465424,-0.20970286406483785,0.2389616208743303,-1.4227810953486746
2000-04-06,-1.1292925579469264,-0.021426503050730506,0.8249617238239477,0.968262917121995
2000-04-07,1.771176358917803,-1.2475695175566899,-0.3770569840156126,1.1772664816957714
2000-04-08,-2.143664564216442,-0.05770315244889613,1.416410315644808,0.7155049250442159
2000-04-09,1.3876203720825133,-0.268978070282723,0.2385862810389048,-1.982996776008634
2000-04-10,0.27730468598355434,-0.9105155472468885,-1.8559111003036286,1.867252845432944
2000-04-11,-0.5488809655941669,-1.7079823079205467,-2.046038407724115,0.11199140862458137
2000-04-12,0.5958504727852996,0.19513806653569982,-0.30778375242024447,-1.3194964661309196
2000-04-13,-0.7924349564999762,-0.51210163777694,0.3773998197602741,-1.049872984433022
2000-04-14,-0.6295251212618181,0.34911236285470254,-1.0897045262515161,0.7004869194205912
2000-04-15,1.9247453307186426,-0.2388701977291609,0.9479126730308952,1.5186189530867247
2000-04-16,-0.01423472573412207,-0.15972654873702735,-0.19450533090026734,-0.86232503821148
2000-04-17,0.5937841179804874,-0.3583688138829477,-0.9747434773680289,-0.28826737779564743
2000-04-18,-1.6805109260017388,-0.7619458787552434,-1.1585076930368827,0.3103523654096244
2000-04-19,-2.755802506920535,1.6033276860500438,-0.6184209653394634,-1.639124996715609
2000-04-20,0.47832921193324096,2.0453004157405306,1.0352852001752173,0.7412841242050499
2000-04-21,0.42206165323142586,-1.65533731825409,-0.5211627893214532,-1.564367892738339
2000-04-22,-0.2786963990808221,0.5888226125288768,-0.7383440356647377,-0.7535279777961683
2000-04-23,0.19605181510891925,1.2966587427317722,-0.913720953779363,0.5171189906090558
2000-04-24,1.1074961219756276,-0.34936314531058305,-0.08177220448876514,0.4327475278618737
2000-04-25,1.095684297883698,1.289756563748662,1.663666306265496,0.40321824234885334
2000-04-26,-0.7329051303098187,0.9133038347058258,0.963398123389246,-0.10479658107507937
2000-04-27,-2.0979423601894625,-1.810301391192962,-0.42602064051006155,-0.29988507820372196
2000-04-28,1.1903265703918817,0.14231867308860957,-0.4865696896147848,-0.9022668653677055
2000-04-29,0.6938784607583053,1.9262010377451475,0.07783124888768007,-1.884570172271745
2000-04-30,-0.7554438293488164,0.30957971968824666,-0.09071829620534176,0.2398795696215738
2000-05-01,0.5842647321884913,1.1886361061117308,1.185523220171086,-0.28128474770527045
2000-05-02,-1.3904870485889662,-1.3784970007874615,-0.8896562997483146,-0.047938836574466
2000-05-03,-0.11644706311599202,0.08801804571833913,-0.7177741056133361,1.7405639402500728
2000-05-04,-0.1383505633782697,1.3042930195558837,-1.3232420371424618,-0.32543374012650106
2000-05-05,0.039864573725660345,-0.874503734005684,-0.2899642124964044,0.1552764985423899
2000-05-06,1.1592523905199095,0.3748487263132576,0.28157555263536266,-0.28491573556355876
2000-05-07,0.08083623921230783,1.2143679119362745,0.23977474831297496,0.8676017717774476
2000-05-08,-0.3193302045238811,-0.4029198682516163,0.15780216912138967,-0.4120568350187208
2000-05-09,0.2476626500389559,0.717666571783931,-0.349929519109044,-0.0933972040061234
2000-05-10,-0.693100017929691,-0.7886765775368574,0.523825305158586,0.3955397530447124
2000-05-11,-1.0413258013071012,0.47868993694623496,0.5964730982995692,2.21332725202174
2000-05-12,-1.6466983261312516,0.12630776686166462,0.1906483512436998,1.0403744973949547
2000-05-13,-0.41128265034536354,1.177056867764691,1.1151800381556107,-0.1493627059561085
2000-05-14,1.352835092358141,0.18806864855159025,-0.3879492334479855,0.06926723631511
2000-05-15,0.4801981672985865,2.3916879635176453,-0.027949807223739385,-0.31460942823907695
2000-05-16,-0.16089490744680482,-0.08361870336365997,-0.7769264868389251,-0.2225608553469848
2000-05-17,0.40344097813629515,1.201965764956074,-1.6652393805448118,0.045221004607343754
2000-05-18,-0.8897305102810543,-1.344808623706664,-1.9560563295793616,-0.7365666967201479
2000-05-19,0.686841317589596,0.4091178723375363,0.41368022311204056,-0.2092356572189524
2000-05-20,0.7693355933051538,1.848598760571395,0.6088277700879096,0.20918068034974943
2000-05-21,0.4801198353165044,-0.4038481557024468,-0.0602744077428403,-0.36900229308846544
2000-05-22,2.422684008328871,0.8487050860052505,0.5156498407732482,1.8209369289658504
2000-05-23,-0.6943844366061381,-0.2483497733311249,-1.3466614922467963,0.21064213697613174
2000-05-24,0.3098700023855375,-0.17437203711382457,-0.4655267789243229,0.6052081663732253
2000-05-25,0.14813361072059064,-1.3923290812341482,-0.17113378719839134,-0.65225865815762
2000-05-26,1.0879982488883804,0.6268264579413471,0.46757494350672807,1.9253406336013663
2000-05-27,-0.6985306478551383,-2.1767186917419337,-0.5699974669922758,0.25229154714945773
2000-05-28,0.15185658370993968,-0.23572030087150916,0.7943207393970899,-0.19935818399400124
2000-05-29,-0.027795298486272085,-0.19062060420728907,-0.5575001834084231,0.4220860226659212
2000-05-30,0.9185033905656483,1.010432342890237,0.8035594296623725,-2.177099150713566
2000-05-31,-1.1750556474125962,-0.407474781757944,-1.7313080939913383,-0.01789144830763678
2000-06-01,-0.882375508159569,1.8885888444724415,-1.2003965756428794,0.7533795174644087
2000-06-02,-1.443922680477092,2.8385583374083385,0.1679367785956025,-0.7533092048928854
2000-06-03,-0.13460582647196406,1.4299757129257928,-0.32168337389439855,0.5193766219323699
2000-06-04,1.200626252061759,2.594457817959748,1.0647876872844704,0.2554465256329244
2000-06-05,0.3923372310787026,1.3045197506066881,0.1062725996419314,0.3544061757653891
2000-06-06,0.035009749255876244,0.4491127490973698,-0.7272188747448642,-0.30996131897404383
2000-06-07,-0.47965586915235225,1.3008936988461444,-1.5367727140740055,0.2906758932284459
2000-06-08,0.28277306135389174,-0.47493578177683,0.4170210203035212,0.8811535218943759
2000-06-09,-0.031217846356220425,-0.1853290926826371,-1.1105846839086029,-1.473940069959826
2000-06-10,1.1665211852105095,-0.5503084974001089,-1.0191160892650295,-1.736143643108224
2000-06-11,-1.1193777108140277,-0.7559018248009157,0.8714919309084809,-0.03407598735774601
2000-06-12,-0.8377334693215858,1.4773859318767317,-1.1522163027568941,0.04929821312717206
2000-06-13,-1.335071569710905,-0.9880381793358497,0.8740962775373956,0.9551200246582375
2000-06-14,1.70939524901024,-1.3519495237927783,-0.4158691145357541,-1.2189586786222746
2000-06-15,-0.6296122747185404,-0.20958602770765575,0.3980551909019134,-1.1361307188618464
2000-06-16,-0.8372642050674789,-0.2854102740000716,-0.21118284356914385,0.11214717964538537
2000-06-17,0.5668008624820974,0.10572558323097654,0.7243488125797524,-0.5312706260091796
2000-06-18,0.639745709254273,-0.5003492904268341,-0.9013895686202512,1.4078437462812572
2000-06-19,-1.4168228261833333,-1.0853317604800823,-2.2587641959507287,-0.209662843268515
2000-06-20,0.17243360071905167,-1.9512831620582711,-1.3978190963619674,-0.3313105877575631
2000-06-21,0.5394097532288076,-0.18465147469957482,0.07858663406339654,-0.14582234329924404
2000-06-22,0.2310396151904447,0.4555847875508294,1.5413114223863928,-2.339075876368042
2000-06-23,-0.3746035173348001,0.8098582037156896,-0.025940900855697908,0.348379887580305
2000-06-24,-2.6445487332863182,-1.1269691706657614,1.7495654315374738,-0.36364554045544445
2000-06-25,-0.14449095193065498,-2.033447107025878,1.5936619902073936,-0.5105631164873011
2000-06-26,0.6435716717542663,-1.5848272555545087,1.9095805334408253,0.8675124981098702
2000-06-27,0.9648014538941816,-1.1317883493385361,-0.7344602754030807,-0.08545438972972016
2000-06-28,-0.6361754996618065,0.15262506398463843,0.7253359316022153,-1.4929915378293928
2000-06-29,-0.11446479819642678,0.2744822659691791,-0.142322967749426,0.29284435352542154
2000-06-30,1.576429305476553,0.3024330616167598,-0.11840240447381216,-0.39044354083852933
2000-07-01,-0.8273164320174009,-0.3973136889088686,0.7114077402026485,-0.8463728450300207
2000-07-02,0.538683820584042,-0.40603621716381855,0.833517265496889,-0.9265285148063221
2000-07-03,0.5216252724026442,0.8274520408802958,-1.2046338722747048,0.06706513689768048
2000-07-04,1.3304053267262907,-0.11220559939101643,0.5219742716691663,-1.6903161406747067
2000-07-05,-0.5595221592556967,-1.1263871410767574,1.8575846653125576,0.14820669156870703
2000-07-06,-0.43388024226804567,-1.3724876440931502,-0.3581481271219073,0.7168435784355349
2000-07-07,1.4117115595288239,1.4140543562073056,0.6768868958587223,0.4554785196788029
2000-07-08,-0.7190076821953195,-0.5898674983288521,0.012958505757069494,1.656650104187971
2000-07-09,-0.7483473633287006,0.2523769108146998,-0.34782432262150237,1.4252354443612931
2000-07-10,-0.29415346303089024,-1.416481146981352,-0.5614045872453409,-0.27070533610527003
2000-07-11,1.5752376401409434,-1.6182414565828485,2.3662467176099415,-0.17895280326462834
2000-07-12,-0.7001855478864837,1.107826843725911,1.131739957951936,-0.044204501243150805
2000-07-13,-0.14835841389376184,0.5056215640424725,-0.7804110940846768,0.3015844007864199
2000-07-14,-0.49911695101948633,0.46763705241590087,-0.7194427740159176,0.7127831019463728
2000-07-15,0.013153645889783346,0.42903407831072726,-2.0065786404803814,0.7912745923233263
2000-07-16,1.250659352816329,1.4113266964574187,1.552503309234579,-1.79877930932371
2000-07-17,0.303181390732194,0.8194183684981592,-0.5300974385369881,-1.6851263713990015
2000-07-18,2.0301671881393486,0.7165283469636236,1.3990553618683002,0.9167968788027002
2000-07-19,1.2200138759467631,0.13371652390533972,0.23842059084419906,-0.2630092079039231
2000-07-20,1.8149552801356863,-0.6424392774232711,0.18002953080382078,0.02537517408479454
2000-07-21,-1.6489538837164344,-0.9651714352263709,0.9009959619941142,-1.218765499697876
2000-07-22,-0.2582544123939269,-0.49175373138367023,0.26548775561588056,-0.13323819229229697
2000-07-23,1.5126670598724261,2.6393868709520727,-0.18983644730025379,0.16777693942922933
2000-07-24,-0.11943651107831266,1.007374956729261,0.5337704007880526,-0.21510205428808638
2000-07-25,0.7235295964582554,-0.6883162339543925,-1.6239491905694683,0.02922932167494888
2000-07-26,1.4530940741332874,-0.3839568836303053,-0.08803447659432061,-0.31064264488144183
2000-07-27,-0.6050571034116188,0.6835936586692819,-0.688129708474742,1.5220626663609498
2000-07-28,-0.7323662471700578,0.8949448222872508,-0.32898251281201907,-2.3531368829245465
2000-07-29,0.014442269384639194,-0.9634085841065049,2.0884337273593245,-0.5047178915532348
2000-07-30,0.2915590456014058,1.3211107340103616,-0.13449339541874472,0.3339060235641018
2000-07-31,0.23349645813244713,0.5754709914837726,-0.6352211719694651,0.5420361092608984
2000-08-01,-1.0705827575724183,1.1098355422441244,-0.16478347906998564,-0.731258337560437
2000-08-02,0.6654244156129288,0.3187466899077838,-0.6049312550095928,0.4777539919524739
2000-08-03,-0.32209481190231437,-1.1081651517643987,-0.8830540284408852,1.7923796692215541
2000-08-04,-0.9903380085584848,-1.5663224432469782,-2.1028650308550243,-0.5321167793178221
2000-08-05,0.37985788946020366,-0.034556061970967736,0.8151174312770648,0.7659197204271206
2000-08-06,-0.4044474102517285,-0.12412054307428859,-0.21074764016692651,0.10220476411580218
2000-08-07,0.05926028664864077,-1.813614493436712,1.4349008957448683,-0.6631227371853349
2000-08-08,0.8321988831834566,-0.13172595820998298,-1.223245190659973,-0.48473259652888867
2000-08-09,0.10918970804505497,-0.6853956825631947,-0.6100105457657571,-1.0852766403452965
2000-08-10,1.4038722104010628,0.7108654484649578,-1.3933423320343294,0.18354675972921589
2000-08-11,-0.1675496755217412,-1.1069448228778977,0.16226648017139428,1.2503776847916754
2000-08-12,0.6303449552540947,0.6577019136530509,1.7745550701050958,0.8071279055605848
2000-08-13,-0.05411233110821683,-0.30695380832261726,-0.42879557317121375,-0.9110144468613735
2000-08-14,-0.5702762379859052,-0.2907575645716015,2.3181489851233184,-1.1124068850265252
2000-08-15,0.290015948131785,-0.14641556208977916,-0.5240192275016294,0.6307560424795386
2000-08-16,-0.9058798728789277,0.4995835295330994,0.9205338149747955,0.0994797525768303
2000-08-17,-0.4809285656361957,0.5816223894190597,0.614581131569636,0.2555930317086268
2000-08-18,0.8464515599426624,-1.1807420110759346,1.1450797682963965,0.8326879525000105
2000-08-19,-0.4831625320866866,0.7554439259665636,0.6017893395422724,1.224143261809629
2000-08-20,-0.733535446617004,-0.11941306294788208,1.0914571412207985,0.8041146402366462
2000-08-21,0.83900899012502,-0.6789270496769723,0.9418776548106106,-0.5902698338837723
2000-08-22,1.574499989491815,-1.7533309255016116,0.8278679923613675,0.5064020426816344
2000-08-23,-2.7320731720676386,0.026728221244231177,-0.0846691149382862,-0.5009438380044196
2000-08-24,0.46487361122720094,-1.231213405166192,-1.0473748434895271,0.05014722349231698
2000-08-25,0.6356853897157251,-0.3726624434116148,0.6539451346340955,-2.4305067071764253
2000-08-26,-1.420529193932262,-0.6710862424782315,0.5936172659527563,1.5819952941678774
2000-08-27,-2.5036666409644788,-0.14526363679929505,-1.6351891990319039,-0.12897752597133086
2000-08-28,1.5834108495627026,-0.024098281529657248,1.0152210240591246,0.0754703938884676
2000-08-29,1.2787457175995125,0.30373367158215536,0.009571783927865299,-1.702763128448186
2000-08-30,0.8217391131870538,0.5985486377395097,-0.689274690424244,0.466431993705768
2000-08-31,0.12473062190579386,-0.40406981289256005,1.1168765630661346,-0.4465202260880447
2000-09-01,0.22624736885428415,1.251673707147336,-0.4966723582623439,-2.2743712209313487
2000-09-02,0.46443869441454755,-0.5376681262593157,-0.7222834485848838,-0.32539738841348526
2000-09-03,0.2432181012439073,0.07329423620536925,0.08064404208549017,-0.07564866944575156
2000-09-04,-1.4141270598060085,-1.6336069308437284,-0.26637942802561254,-1.0800149944198654
2000-09-05,1.6418567000556497,0.30363835305184905,-0.44094034261905735,-0.6018179500515324
2000-09-06,1.3658270934600123,0.36922219136519785,-0.3349565429366552,-0.9007518838239718
2000-09-07,-0.4511877116015049,0.7821397996869186,-0.4568091465364573,-0.5497095042158179
2000-09-08,-1.0907153515171848,0.47831889031957625,1.3263605554222444,-0.24702467672924047
2000-09-09,0.04896205219915802,0.7812631769461873,1.140009049648935,-0.028248994523813718
2000-09-10,1.2389613353192679,-0.03787563728753398,0.4822762093220287,0.12831468897510234
2000-09-11,-0.4756766956777306,-1.1329498429460154,-0.5565470496638802,0.4054828674288013
2000-09-12,-0.3354607251236972,-0.3293236416142645,-0.2960880132720948,1.0770755703637687
2000-09-13,0.5814073508807136,1.2955356620983172,-0.8261034358760346,-0.2675773151219935
2000-09-14,0.035797824818366096,-0.7639573424890179,-1.071350054748536,0.8838059402008879
2000-09-15,-1.3720224347089098,0.8424085061276482,-1.385421838474169,-0.9214890312708032
2000-09-16,-0.06522296161301719,-0.6517459741143378,-0.13845898905002366,0.3508147809391867
2000-09-17,-0.9696536602371013,-0.3442464368146684,-0.21444527742259367,0.24339781398072985
2000-09-18,-0.6195762102343263,-0.3674413144141272,0.9347849374671688,0.24473114638945323
2000-09-19,0.9256407563233491,0.16616327055958874,-0.041989211280765354,0.5220309593952864
2000-09-20,0.3660556115094457,-0.6012768350682355,1.0251550901498618,0.8432879561619316
2000-09-21,1.4222198766203757,0.2380043414795186,-1.8531204833351176,0.07308444472036096
2000-09-22,0.36341531683271766,-1.376433862377209,-0.11468224233358049,1.582277814539815
2000-09-23,0.24543151077858763,-0.12564319411327834,-0.3867992238496329,0.17602079352097122
2000-09-24,-0.10179699279532102,1.1957775052811628,-0.38443617021671406,0.023544705579781913
2000-09-25,1.2363798878702785,-0.9786321730661095,-0.0506294057080964,-0.020122367436859395
2000-09-26,-0.1311418200931365,-0.2596428269276062,0.6400479483724719,-0.12483622037976219
2000-09-27,0.013608931402621881,-0.5523915788905541,-0.61186218907197,-0.7896196577585635
2000-09-28,-0.28545528395149955,-0.033985542644141345,-0.03647984420780228,0.12540829096772788
2000-09-29,1.3690150584953023,-1.1314916476674832,1.2969370065266144,0.5387502987500538
2000-09-30,-1.5037586208936526,0.5316667425020059,1.4781133377450173,0.1040868185450775
2000-10-01,-0.6043387675795526,-1.6726389749123092,0.8056275182951068,-1.3176120031670315
2000-10-02,0.39178633685013076,-1.330769105900976,-1.4918923196381169,-0.1867687901378568
2000-10-03,1.398465720697366,-0.652688875823192,-0.15072555306963792,-0.5145331642119717
2000-10-04,-0.6287629934328797,-0.8418941919064705,-1.059983264365335,-0.13123040742595507
2000-10-05,-0.32537648522994195,-0.8098852701392583,1.9132709930850116,-0.04077095408856902
2000-10-06,0.85243536838626,-0.8519887078048044,1.06481864251915,0.8422200775311108
2000-10-07,-0.6337499738120389,0.7871812008233883,-1.648856394205901,-0.40795743525383504
2000-10-08,0.323354358530558,0.2490457600127415,2.5843178153659503,0.9690679800382401
2000-10-09,1.1764969465144686,-0.4718922797058531,0.29620372138814577,-0.7752690922274322
2000-10-10,-1.2072111860158554,-0.3255458508780003,0.6463350368062409,1.836414489849619
2000-10-11,-0.250048578284738,-0.8694661369852464,-0.3841273919694764,0.05656870971378158
2000-10-12,-0.17201462881403218,-1.3756134017285324,0.09807590412850117,0.31903999068059175
2000-10-13,0.36643722106391247,0.6123797468064358,-1.140404182705895,0.5661120581005433
2000-10-14,-0.8617238049094759,1.4465048112979866,-1.1192849756092116,1.0352605774490036
2000-10-15,1.4033759155945336,0.2247012162332132,-0.5310338393389684,0.47527058911248693
2000-10-16,1.4967031516207925,-0.5432752195609876,1.0282623799740227,-0.9409069132806148
2000-10-17,-0.20168621057053082,-0.360380199161042,-2.2838149710860325,-0.9875176544013493
2000-10-18,0.20759906662697794,2.229581118385109,-0.022613701933509263,0.4274342522766692
2000-10-19,0.445000784681222,-1.3341902460925945,1.805288782178046,0.06977361535690402
2000-10-20,0.8049950336066595,-0.603838500685166,-0.5526555458454177,-0.05734580720001366
2000-10-21,1.496168203238073,1.8165015795303252,0.11134462376820639,0.050655747809396634
2000-10-22,-0.07826748863123381,-1.6041861651794798,-1.6150870478508623,0.29167193900432475
2000-10-23,0.9955864286500078,-1.261660938338329,-0.971876867575733,-0.9270482124403315
2000-10-24,1.3997799795681807,-1.780426182755958,0.7703250181551009,-0.2123005799120381
2000-10-25,0.012634332439197293,0.5886735798376119,1.067662380707167,0.62692969647712
2000-10-26,-1.8976135981810327,-0.20210939638492229,-0.5506228889387504,-1.2415354896526152
2000-10-27,0.7489789515588346,-1.25218166649688,-0.20564448112120942,-2.199869867388932
2000-10-28,0.4011059992132328,2.3040722486679197,0.33695155437546215,1.6510151740199341
2000-10-29,0.7406449189844639,-1.9068687262359716,-0.44038480614853454,0.010299040798097887
2000-10-30,-1.3293632264909478,-0.2515018021091969,-0.077659057975426,-0.7572160716987394
2000-10-31,-0.3223024648884536,0.3616051926472348,-0.7074903413333186,-0.052501241272624385
2000-11-01,-0.17664539201454202,-0.5938751174348375,0.3269370301146128,-1.1026122002567285
2000-11-02,0.8351421828835696,-0.7125228692897306,1.3021160866534738,0.08116229196424561
2000-11-03,1.311200555059213,0.5736415457576185,-0.1250716356277447,-0.7485437397417838
2000-11-04,1.2922354789112596,0.06464379163138466,-0.43324650265068243,1.2752276781973717
2000-11-05,-0.4092251801436283,0.8716539101234076,0.6278360064867679,-0.2843509432223047
2000-11-06,0.365101071368494,0.13782293606015286,-0.20360164306024,-0.7317517302328043
2000-11-07,0.6178523045838578,0.3154061727140425,0.46438141192241406,-1.638773040765542
2000-11-08,0.8812285172848393,1.3754639348009186,1.6431247185461957,1.1114399855076005
2000-11-09,0.4706535909351531,0.21763151957508228,2.542053521007189,0.4522145742163835
2000-11-10,0.21115004943125276,1.5692270755579902,0.5511428503820999,0.06336188054736827
2000-11-11,0.014602766036221767,1.2484475604093166,1.9481719665325048,0.517688561135437
2000-11-12,-1.7613196642543307,-0.05323498692909178,-1.484760019921801,1.978402459651407
2000-11-13,-0.8628525280432869,-0.7985391086876431,0.9542573664348876,-1.2198017758050157
2000-11-14,0.2984387390080126,1.402822929091971,0.3784852355544406,-0.4212926616320126
2000-11-15,0.9902437345448692,-1.6822211825216966,0.6578837407709521,-0.5004284526796673
2000-11-16,-0.6149608240622918,1.600557419590946,0.20238815052234924,-0.5857990745317317
2000-11-17,-1.4881862574967533,-1.0580615705083423,1.0938214794224967,-0.00897694961020187
2000-11-18,1.3589399266728561,-0.6766500180745918,1.5972293008982572,0.0315760125685495
2000-11-19,-1.1774955057089203,-0.2830587965114453,-0.7697827081116614,-0.15868069979225796
2000-11-20,0.5064213788481166,-1.2094736563216886,0.0939959713582658,1.3395469793230521
2000-11-21,-0.5239924089208025,-0.6954974650945378,-0.37086977206275473,1.3280530953641367
2000-11-22,0.5675260091877355,-0.03427249553664535,0.10191324460787188,1.1868893517349866
2000-11-23,0.2471496277001099,1.4243928936157522,-1.333171966573455,-0.7504632940077228
2000-11-24,-0.6389528604329809,1.3486939583963546,-0.08384992419090079,1.1261474239442353
2000-11-25,-0.8314980455273902,-1.1479030923380436,-0.6168423452017219,-0.5536841334726024
2000-11-26,-0.3602064486286217,0.8144237671741446,-0.3665544364090171,-0.5562092162098441
2000-11-27,0.5237119272213128,-1.5714423805343047,-0.4800873992293983,-0.7910394575417746
2000-11-28,-0.673366390642501,-0.5974606875217886,0.49143011514644624,-0.592888646928665
2000-11-29,1.805700142725937,-1.5185228243264821,-0.19289599501809254,-0.7665794916585191
2000-11-30,-0.9644642398974189,-1.2160431496085644,-0.26600624275197754,1.6767562477848224
2000-12-01,0.5131324869490953,-2.5066877754177477,-0.5318898285761942,0.7190760898322859
2000-12-02,0.4086410743497071,-0.5516164224674843,0.8775070594033115,1.0107830391164434
2000-12-03,0.5892009671802175,0.9104070286966254,0.2777099287971766,0.767622165687438
2000-12-04,0.3400735998711651,-0.16258415555050454,0.7916583749351954,-1.9831681196958306
2000-12-05,0.2018836517626347,-3.109258824557525,-1.2963623309169985,-1.025900680774646
2000-12-06,-0.4558383787847992,-0.6234031519620872,0.3440236837401907,-0.7041944153594346
2000-12-07,0.01278825732989863,1.0560368953253778,0.3709052759980254,0.20862949964081393
2000-12-08,-1.4258271231464388,-0.0034897973560355164,-0.3590632835358826,1.090705765188733
2000-12-09,-1.7327140810287553,-1.0871220501904353,1.3454442701526512,0.5221080562006485
2000-12-10,0.0425413029365294,-0.5243219507990114,-1.2441137365422592,0.2689310918533676
2000-12-11,-1.3458352701524663,-1.6165800855883792,-0.62029077424738,-0.4366652438592572
2000-12-12,0.32495184408513367,1.1847818522801559,-0.3911461421473975,1.3397380223032809
2000-12-13,1.3929664483999853,0.23024472060557957,0.0006237778297122315,0.33667609020223427
2000-12-14,0.9217749706447512,0.053899722595052504,0.22180258082817894,-1.7537696880530318
2000-12-15,0.7509326241026966,0.01552238938097565,1.9187123474946877,0.13211306827085134
2000-12-16,-0.5552639744608181,-0.8234288310574573,0.9383213005964376,-1.5260771263079007
2000-12-17,1.4311712079173902,-1.0479284305922651,-0.05119379139944136,-1.3202082606826533
2000-12-18,-1.6457624538301419,2.08222581259494,0.38592818252348027,0.593016618254029
2000-12-19,0.10976426353367148,-0.9329159580840487,0.17230962414715234,-2.255593371279349
2000-12-20,1.8224206091954183,-0.9727586377968065,0.17049425616476657,0.6681669382773593
2000-12-21,0.4202984858817791,-0.9239501197370472,-0.590452337208903,1.8963418083514305
2000-12-22,-2.1976752665225927,-0.7284408077816805,0.694870215430589,0.26839429610109045
2000-12-23,-0.9683390882353887,0.7338996118420231,-0.9120548449689125,-0.7364953732446784
2000-12-24,0.9894164900295058,-0.0995112044866146,-0.16622093305717486,0.7663178182962903
2000-12-25,-0.9728546732616651,-0.25277424854437763,-0.1350665719195857,-0.5727089678106032
2000-12-26,0.529981377943113,-0.41783321569147674,1.6965496000475084,-1.0978253379167284
2000-12-27,-1.911454645450314,0.15973819745239004,0.8886442890278694,0.7484845852231711
2000-12-28,1.6533480436712187,-0.8780892813014103,0.34763538654232173,-0.840741539887972
2000-12-29,0.25995336524081314,0.3678998440558005,-1.2708998797464375,-0.7302177188137181
2000-12-30,-1.0636030055162013,-1.7887371748710346,0.7324602441735032,2.586122459906088
2000-12-31,-0.5056930206283125,0.3941101051103049,-0.8785580043840149,-0.39479033391495055
2001-01-01,0.5550375121474557,0.23168512807987923,0.09939043048081862,0.37042614022975573
2001-01-02,-1.5329673763479579,-0.1165874359722799,-0.9777878446648339,-2.0540681199046285
2001-01-03,1.630804779226778,0.6038931732996553,0.32232001123840637,-0.19686577417118542
2001-01-04,1.9661428035194284,-1.5613871556071186,0.16624730805723953,1.8927558375455966
2001-01-05,-0.5773649714025854,-0.3958758486466544,0.33508282832632896,-0.7110132606332679
2001-01-06,0.5802212560247404,0.9588520183496829,0.2011213367034848,-0.6458219782738964
2001-01-07,-1.3364892534071064,-0.26447015352418757,-0.11836102756987017,0.6676515125788886
2001-01-08,-0.1282525432657953,-0.5651844884392807,-0.02512802953207839,-0.7036247894493292
2001-01-09,-0.289877447957287,-0.9172901098700167,0.7721775344902263,-0.545308782078438
2001-01-10,1.0749267493360664,-0.3780443659713133,-0.9727085764247487,-0.90946925319746
2001-01-11,-0.5462424922501937,-0.5306053565850525,-1.3716346778940265,1.7742122287562265
2001-01-12,1.3870408936571583,-0.023059034140171117,0.5169216423807251,0.2615399026473841
2001-01-13,-2.2555180522624565,-0.6613509762972463,0.23079879175360082,1.0861306739338668
2001-01-14,-0.24291757735929137,0.590863000437894,-0.5731215113354404,-1.6514363341471299
2001-01-15,0.3630623009746094,-1.9312418285591968,-0.19347669549755592,0.7773103301494916
2001-01-16,-0.5000037235328648,0.4573187728789333,1.1603993226837013,-0.2729874410047251
2001-01-17,-0.9260228618479676,0.9944479531549664,1.3884682439060168,0.24927756942544424
2001-01-18,0.19431399795328866,1.0825413356624989,1.3477261422276385,-0.3102352239321552
2001-01-19,-0.0695605348038748,1.3537356784912657,1.7576464581007676,0.2131059927460398
2001-01-20,1.0779478360434185,0.2522771686093656,-0.5387414096658686,-2.233556770913366
2001-01-21,-0.20748478784280489,1.2394337084129332,-2.4129090486328573,-0.6964270483063003
2001-01-22,0.0349031397940158,0.3219816768764698,-1.1042051626823153,-0.9157628265124247
2001-01-23,-0.36442964345183426,-1.3000530930318461,-0.4689438554052128,0.5750923703012076
2001-01-24,-0.41434448029640186,-1.3208177246919632,-2.171848776352301,-0.5201650963006944
2001-01-25,-0.19111516130746167,-0.4429282696974611,-1.3259830132097938,-2.216643515698461
2001-01-26,-0.6961706079439463,-0.4688944895700669,-0.10953968915990886,-0.709074031399495
2001-01-27,-1.1304602845880813,-0.36459286596635737,0.2249221803656686,0.43512591358037067
2001-01-28,-0.5537812538177123,-0.04125329534593277,0.3188064827156568,-0.5717382400616884
2001-01-29,1.2358958513858305,-0.4468709084161207,1.5180969531151463,-0.6471332724920339
2001-01-30,0.1511870425901635,1.0046866966518961,-0.8390756959490944,0.9698096293919345
2001-01-31,-0.2882769453274611,-0.4472512034830092,-0.3653248453690382,1.420544637439609
2001-02-01,1.026829796156906,-1.973941443541854,-0.6963891934563162,0.6096187815523817
2001-02-02,-0.8897157806415992,-0.37050020130137057,-1.7028416210686401,-0.07122461894737794
2001-02-03,-0.15958638884416348,0.18871077052249063,1.486300167734572,0.5033542566988389
2001-02-04,-0.001787174738688099,-1.2921217338823394,0.31787007325066396,2.263583596415934
2001-02-05,-0.37486452085710054,0.9420646875705044,-0.350514526361274,-0.894510368615847
2001-02-06,0.8733097331064307,2.488570226959921,0.25181117743482634,0.19340257319840745
2001-02-07,0.3758355540380883,-0.5169101976833447,1.0666591491855708,0.8025572118220062
2001-02-08,0.44709129360385425,0.7453161006571448,0.2197376039657856,-1.5991650701843383
2001-02-09,-0.15798257426348308,1.4808159577685849,2.6295840009087788,0.8438025092981698
2001-02-10,0.20290037568111544,0.3946717030300803,-1.0356302442378198,1.219666453040663
2001-02-11,-0.18438692283954988,1.2612155620072723,0.8080582000177058,0.22122188410721622
2001-02-12,0.7027075558041973,0.9106998564505256,0.0192703103704527,1.8215515641183377
2001-02-13,-2.0604928496490906,0.010271938327803636,-0.3462778395900667,-0.19153074098521491
2001-02-14,0.04735620308513168,0.18896630497120093,-0.29863291974468054,0.23603057083535775
2001-02-15,-1.5573160080825346,2.0068776099765535,-0.6326752618409991,-0.03728697232555235
2001-02-16,-0.9237850807390345,-1.9579534202319673,-0.5812883672405528,-0.7183747294676114
2001-02-17,-0.7300967396310042,0.6554030308576015,-0.16468990130972283,-0.43391434910038684
2001-02-18,0.5001120370557026,0.4785249559919415,1.9058425181577816,-1.428530199161236
2001-02-19,-2.1882953478190945,-0.2243082376971196,-0.31724461733665194,-0.06585044878515346
2001-02-20,1.432179652775621,0.042150343484669166,-1.342369840247493,0.9313994374917239
2001-02-21,1.1864675582705473,0.5349809073804188,-1.1359652447113715,-0.4296678889495467
2001-02-22,-1.2765952799760714,0.878203078688083,-0.9612074868847946,-1.2476880296292778
2001-02-23,0.031180265824915235,0.008639741782839288,-1.8377693875890277,1.4035675832341923
2001-02-24,0.04563207995711142,1.9009696911479022,-1.3017033149420691,0.09240136016694946
2001-02-25,-0.8257786660986985,0.9868961443695059,-0.7539338328937644,0.4560493670802577
2001-02-26,0.8012136232292264,0.04570993569999862,-1.3099443961605048,-0.9500035148796334
2001-02-27,0.6368399883426297,2.237998551292882,-0.787019813991093,0.45761153062490123
2001-02-28,1.2011957173131433,-1.3285383532778228,1.1332245200224165,0.4007681053144789
2001-03-01,0.7024093605409032,-0.7776431276167387,0.3643421795299461,0.35395891452923495
2001-03-02,-1.448172490120294,-1.420755426872284,0.09413504216487224,-0.013946382400635815
2001-03-03,0.6844579197274687,-0.12498822128058097,-0.1849877034516954,1.6573803990732756
2001-03-04,1.2306332368750748,-0.1629137015162945,-0.11624961144781187,0.7326873525605179
2001-03-05,0.879765975493701,1.5029169726910376,0.30180134161567646,0.4359340278073614
2001-03-06,-0.6814586595865021,0.9754880778471822,-0.7346800590483223,-1.6526779192055947
2001-03-07,0.6745876345241949,0.9760193317565717,0.7364023429281115,-3.174041322057314
2001-03-08,0.07250609434183246,0.1870826735457038,0.9448772800973688,-0.7124007177191095
2001-03-09,0.3509977017145108,0.08848159809094172,1.4390396206555325,-0.5923330632794354
2001-03-10,-0.41786209130003765,-1.5195164754719939,-0.2682789700397973,-0.7843921749287142
2001-03-11,1.2393113968409926,0.08562375646218405,0.8039427887084923,-0.0034524540171553346
2001-03-12,-2.4021668786669728,0.9669072840027391,-1.200682874434028,0.5749074332096246
2001-03-13,-0.9221244510759242,-0.4544530988749227,-0.32455106129580674,1.4442465992808593
2001-03-14,-1.1994221336947934,-0.3754506473410105,-0.9828112910054875,0.8476680065290215
2001-03-15,-0.45779295472850573,-1.03348912001344,0.7300111089030545,-1.092818575159774
2001-03-16,-0.2606337799789341,0.5030938917124184,0.9065396324573627,1.4062270630988962
2001-03-17,-1.6523850035691738,-0.30134053354063933,-0.32645772704326453,-0.995328665007606
2001-03-18,0.6818936085014278,-0.6822534926414526,-0.20399231678042165,-0.3097429724186441
2001-03-19,-0.8372129992435411,-0.1366423805022355,-1.7558007589200157,0.23628717910501096
2001-03-20,1.4294091382103444,-0.45712566381654646,0.6528242118986094,-0.7276861652117417
2001-03-21,-0.9052838709499876,0.3644008394429141,1.520382053811285,0.46202960982516367
2001-03-22,0.055162901168952595,-0.1820872557697896,0.8774775367895066,-0.3246861348543954
2001-03-23,-0.6749641001915229,1.5023386502343303,1.3393106699798225,-1.820158261194266
2001-03-24,0.35988287721131196,-0.0030863588367742957,-1.6166594764278628,-0.2388758710136171
2001-03-25,1.7899370240517962,1.44944770261984,0.401648876924172,-0.4094897820763098
2001-03-26,-0.15154251089528498,0.7276094522720631,-0.4697766982318498,-0.7032164628604122
2001-03-27,0.7892079314732157,0.7091586449025685,0.8596339374066564,0.49838376924303635
2001-03-28,-0.1498970429420761,-1.7115080155971507,0.2826769229501631,-0.17247813692580372
2001-03-29,-0.9908462865361499,-0.768916913639706,-0.7010063530108772,0.9096887479508846
2001-03-30,-0.568927076079658,-0.0012828334991829133,-1.163792724104087,0.15428507575881822
2001-03-31,0.9189105271696887,0.5383494140984303,0.25739609198879515,0.32229262825815963
2001-04-01,0.5670352862500628,1.919147089084948,1.1438180390208361,-0.300828346243615
2001-04-02,-0.2659139085274034,-0.4089831653191345,0.1806435518124629,-1.2928450359131352
2001-04-03,0.31997538326082664,0.842090044656553,0.941594989277384,-0.5184573169266838
2001-04-04,-0.333426959214137,0.4979510240747132,-0.9102012260934526,-0.26752929687285365
2001-04-05,-0.18795450904740668,-1.376106113364723,0.6213511256394595,-1.6646208417789718
2001-04-06,-2.281136952825627,0.4556124500317791,-1.2961620708726411,0.19893931424110303
2001-04-07,-1.1947635746155603,0.35744567520745213,0.946346096896809,-0.8980727225049354
2001-04-08,-1.3451227225572107,-1.1768163391616637,-0.3073154279234427,0.9235361559980565
2001-04-09,-0.25018379918254546,-0.38503141109138755,-0.38025307268701664,1.4647312929654999
2001-04-10,-0.9106593173689153,-0.7349954612093469,-0.9747129234403535,-0.36256304671168027
2001-04-11,-1.1610799876832953,-0.16700588713754191,-1.2633299036725953,-1.6541426118932037
2001-04-12,0.7107039052559864,-0.9546711793813406,-1.2014809710646168,0.7854766483408632
2001-04-13,-0.08725694384510838,-1.4116276338865668,0.11004363959753934,1.2622180672055003
2001-04-14,-1.4882756641223627,0.7345552660340906,-2.253020649031733,-0.16776057325756494
2001-04-15,-0.30896951081226526,0.0930018590751233,-1.1525587543004603,0.1297076709233683
2001-04-16,0.20849302891256472,-1.1562842890925942,-2.672947719162564,0.4863021135925613
2001-04-17,0.5311934938035506,-0.07646250474949871,-0.5393853492057399,-0.2937030304347777
2001-04-18,1.6032864510176794,-0.4646487424432602,-0.6963814298829406,1.362788969117862
2001-04-19,0.4778457254455129,1.138524118986181,0.3713202344836972,1.8480538473878247
2001-04-20,-0.6635585417111088,0.9305798568017468,-1.4040958408318118,0.07772026646769033
2001-04-21,-1.521545483925492,0.8301865215011527,-1.8141025990008819,0.6364772514258902
2001-04-22,-0.6268378095025424,0.19348117935215206,0.8012842756373214,0.3286291810321123
2001-04-23,-0.18253642355139849,0.3770767387739311,-1.7880639286167497,-0.5629673005036834
2001-04-24,0.19641270801988847,0.4376497211809195,-0.9188521739513192,-1.0806891191795889
2001-04-25,0.1906200916600902,0.4028892837138332,1.0986080889232532,1.4203945435019267
2001-04-26,-0.0640932393927142,-0.6147144464507236,0.28508811438662945,-0.572882570405573
2001-04-27,0.05127927333249546,-0.9872367035794707,-0.2707098863327403,-0.8962193680384289
2001-04-28,0.20523031925991297,0.2579707885322471,0.1854010093713107,-0.7412813276379062
2001-04-29,1.6001281517924366,-0.5387542669945573,-2.20136878482215,-1.828732170647529
2001-04-30,0.5851779555203686,-0.20796274913993826,-0.4914617037530373,0.04791641743818512
2001-05-01,-0.9702715617234464,-1.5059143193689724,1.892703361627383,-2.3354383990866845
2001-05-02,0.09929234400115587,-0.25781476143625426,1.3404309781569845,-0.6443589190475467
2001-05-03,0.15374173631978855,2.3410026734218548,0.028178046434644513,-0.7193481367917698
2001-05-04,-0.04604151956621806,1.1390672982460055,-0.9449774539416972,-0.9276589044372803
2001-05-05,0.43899082612353724,1.0462479971770593,1.3501934111709946,-0.4721105843464539
2001-05-06,1.0230051948954586,-1.7555157113304138,-1.8914708089646532,0.06102564949282523
2001-05-07,-0.383238385992423,1.2763706616879986,2.26729141319003,1.6754341740288685
2001-05-08,-0.1656871340785334,-0.661309047848,-2.5679967908583445,1.7813122140195694
2001-05-09,-0.6898486936184096,-1.3831169037300093,-0.27103678315356183,0.1834433354509336
2001-05-10,-1.5467767487572286,-0.0024184747822877293,0.5399785430982015,-0.09033144296934095
2001-05-11,2.096992155211108,-0.4294626028671788,0.12903777379904982,0.613463473286075
2001-05-12,0.9086302985544378,0.8716429302003298,1.4280243922799727,0.3856716022527072
2001-05-13,-0.488291688892601,0.39980272732109157,-0.655717447272726,-1.534109961153465
2001-05-14,-0.05172489418760525,0.09902980299618051,0.2291940301523788,2.1884184546751633
2001-05-15,-0.5988276051325487,1.0198128539455733,0.008170804851922604,0.7509959852867499
2001-05-16,0.5321317047741638,-1.0368737450534113,-0.3407014108572735,-0.8565318911609403
2001-05-17,1.7097974363837174,-1.3657436093563504,-0.4658788779597589,1.3712027329531293
2001-05-18,0.8234956585540316,-0.6506963718877392,-0.491351211837748,-1.1952146285381628
2001-05-19,0.8289039936019291,-0.38572466206492395,-1.517846313802559,-0.3756971386494808
2001-05-20,-0.268841625098687,0.4333811166068234,-0.2915850866654257,-1.8106902455623384
2001-05-21,0.9599360026475474,-0.4487658776997641,0.28342552244762037,-0.2073107916360609
2001-05-22,-0.3705680415511506,0.8701143985599871,-0.021945029035580974,1.5752003345576113
2001-05-23,0.36983993320501396,1.3500136095467383,1.260271192094164,-0.7902684068921966
2001-05-24,0.5694294218001573,-0.1330944831330263,0.01435435717867907,-0.48526548873529135
2001-05-25,-0.11084217494422083,0.6634554990823802,-1.2580241610730698,1.4733517079515666
2001-05-26,-0.6137639406095734,0.4907102282724901,-0.5518415993015743,1.0317006705911729
2001-05-27,-2.1485809336337884,0.7140127486861476,-0.2541251707269747,-1.1970344220514406
2001-05-28,3.1832755069014045,-0.9166224492601538,0.8324499273268604,-1.0529379472174016
2001-05-29,-0.8746266693748072,0.39961946586386893,-1.030763302816871,0.07222106464290347
2001-05-30,0.6255308486510582,1.7125459900823023,-0.2722465039711464,-1.058102163136805
2001-05-31,-0.7636608403815778,-0.44070476008153453,0.21197285313481898,-0.5057108143181983
2001-06-01,-0.24765976440107482,1.4570902474634027,-0.7701937430179499,0.5115722237981163
2001-06-02,1.2795502390531315,0.21268245128901198,0.6057783075954251,-0.555238741213396
2001-06-03,-1.0714287945686831,-0.12800002177955902,-0.839794792554244,2.2351782713768396
2001-06-04,1.4481055829045884,0.7211529993282848,-3.26862596132916,-0.16368096112841693
2001-06-05,-0.6020491710545334,0.8850462445266272,-0.8617894240158284,1.2793471808762833
2001-06-06,-0.5271438092185708,-1.0517888560077744,0.7023030530403482,-0.6354736378494792
2001-06-07,-0.5123653947142189,-0.5574759074252972,-2.020767347686036,0.8357862107212711
2001-06-08,1.9607545505836153,-0.2278492068606819,-1.3797846417203765,-1.307593385669884
2001-06-09,-0.8198972854180308,0.06101369113711375,0.6331064234118794,-1.2046502615904136
2001-06-10,-1.4301273618963688,0.030495991261428077,-0.1479213120543236,-0.7056541937632833
2001-06-11,-0.9938188515812744,0.353027015561838,-0.2819930401126821,-0.020534419978324746
2001-06-12,-0.6123263365669975,0.9659791209823059,-1.0791319121715066,-0.12283686610831174
2001-06-13,-0.7965449529715993,2.057353417124044,0.806163570847537,0.09296083398090016
2001-06-14,-0.7524792575193563,-0.0938450658654994,-0.9702263441014021,-0.9157531524152216
2001-06-15,-1.4019671029005316,1.1196141188619935,-1.8591580937146939,-1.1526373985720437
2001-06-16,1.099685967185072,-0.29404686368621996,-0.5881667045714238,0.5307216117709068
2001-06-17,-0.7389296112024816,2.1582830532711887,0.8839105476530117,0.1936168861153459
2001-06-18,-0.20388753263001635,1.8474055004717949,1.8393080124580763,1.0111749696992733
2001-06-19,-0.44557135141925636,-0.5256010139736651,0.16616393636362317,1.591778414916374
2001-06-20,0.12480312110489866,2.911463077896078,0.05717967890012858,-0.043889427975907606
2001-06-21,0.09805717660102016,-0.45697540531396486,1.5388253003369814,-1.5535059142285939
2001-06-22,0.31379751354599766,0.6191478914037943,-0.10134322436972348,-1.7279291884391537
2001-06-23,1.5052113317873748,0.8153098919904217,-0.19985532802622963,-1.5653243625247888
2001-06-24,0.8068882606220468,0.37160414946196885,-0.6143348360791918,1.0769905892844576
2001-06-25,0.3245068569554134,0.48727068901598014,0.43827786786485873,-2.449069354519564
2001-06-26,0.2164507367566092,0.5295273252526553,0.48345715100124903,0.3868917256129965
2001-06-27,2.2014085911505847,0.9468812842580927,-0.3049754170119224,-0.6218732499746141
2001-06-28,0.47003353331252345,-1.705358074613159,0.926524452318602,-0.083850430607025
2001-06-29,-0.43415196402720546,1.2358112314572918,-0.5120667679090839,-1.3481646222266086
2001-06-30,-0.409026503174492,-1.7223053536487616,0.7260935908797502,0.6757178094450305
2001-07-01,-0.9532995705333808,0.6057213864237283,-0.34416351207244966,-0.9140934914964413
2001-07-02,-0.27663377700403874,0.5918589317384018,-0.5635471184776886,-0.10618431313092183
2001-07-03,1.2128922606363144,-1.8031076909289436,0.03692669107510056,-0.05096740250989154
2001-07-04,1.0261695854797437,1.3945460186195928,1.5964497394046104,0.8688108462987542
2001-07-05,0.06073172383069582,0.8858527364011825,0.513697049777059,0.6230726892532702
2001-07-06,-0.031514681225079166,-0.996720841651619,2.368311187605285,-0.6065691359012134
2001-07-07,-0.4381731030891982,-2.068848141467,0.13576108504274959,-0.15825991337391201
2001-07-08,-0.4323826331566381,-2.477671587179742,-1.460873784016103,-1.753136602054188
2001-07-09,0.03805536167344036,0.3543254407978865,0.0805148395696169,1.1440981341068583
2001-07-10,1.9744782820834943,0.5997399525591068,-0.7268543905916065,-0.6591582607026852
2001-07-11,1.5115492173367415,-0.333219600180004,-0.16591397523423637,1.1984712946577327
2001-07-12,2.253309357212509,0.458714749061601,-1.6795390553431384,-1.8633909627136886
2001-07-13,0.3682739771056636,1.9031934591558135,-1.190572771419978,0.6656199648043044
2001-07-14,-0.6505682880222142,0.9300333670618895,-0.2669170153712059,-0.9472695412618585
2001-07-15,1.0417611867242538,-0.14979813236082795,-1.138679370624161,1.7410260569293878
2001-07-16,0.6975565383090946,0.89281544390761,-0.6924393147535283,-1.1440916776591163
2001-07-17,0.739286389294243,0.2937367927334001,-1.2984256042563458,-0.4304971274702166
2001-07-18,-0.049377192215099085,2.8351333088460624,-0.20620496735690777,-1.3794018660075547
2001-07-19,0.22773738530240084,0.542693645602272,0.1314735411135554,-0.6492844987181761
2001-07-20,-1.5686731285345872,-0.13885691819501217,-0.21889814814103015,0.5942205521805125
2001-07-21,2.710257228375606,-2.8859456703774247,-0.16970915304571726,-0.260148401368219
2001-07-22,-0.6578546405554172,-0.7777795220675097,2.0750360741143585,0.340488427229457
2001-07-23,1.1378837727788689,-0.2890183828044314,-1.8643641034306895,0.8193312271187891
2001-07-24,0.03209368996668533,1.0292611306944646,0.6404798612143948,1.032769008369101
2001-07-25,0.2947903817519696,0.03205544771998658,-1.151046957747578,0.2975659802564292
2001-07-26,-0.3183109196576092,-0.15991602717607062,-1.4118378347255565,0.372324359268155
2001-07-27,-0.7771151912768821,0.42363964767733625,0.07038748791321012,-0.212828417152507
2001-07-28,0.286875733196316,-1.483791350561189,-0.518888428263059,0.3671294731321964
2001-07-29,-2.1527611066578407,0.3546752727978333,-0.9229133727493004,-0.9615215173716625
2001-07-30,0.05647705227353348,1.507217556285929,0.9905413832569133,-1.3539293169347568
2001-07-31,1.2327946505261098,-1.0342278017313689,0.7458466159787193,0.14425676273122992
2001-08-01,-0.6751878947955205,1.0484192512487094,-1.9492201456894092,-0.7811742200528071
2001-08-02,0.8952418962415151,-0.2333397519362777,0.5953124041789863,-0.0012314221958816662
2001-08-03,2.0720975339260796,0.9884580994484348,-1.7549622019658957,-0.2912436716475998
2001-08-04,1.017917672753803,0.8132893322861213,0.5360162243344936,1.4508828808466863
2001-08-05,-1.4155011853826236,0.12160530022301218,1.2949677604942988,0.13876903925905218
2001-08-06,-0.35477820457109593,-1.198062063741983,0.12199219397385025,-1.0899598234793186
2001-08-07,1.0654325463303258,-0.2696418497697263,-0.02133574422440842,-0.5343478502630604
2001-08-08,-1.0448920980376235,0.4304536285557445,-0.2202852348358044,1.1500893930709473
2001-08-09,0.5009815040999938,-0.07212775231242143,0.3364111711392391,1.6211128923352223
2001-08-10,0.09415527228402472,1.2747355079191898,0.08010465175406066,1.2650041331164052
2001-08-11,0.6995808073970905,0.9092268860231706,-1.273525218169206,0.7853456694349538
2001-08-12,0.826891947716493,-0.6320884776174973,-0.5781403707302999,-0.8352697046508276
2001-08-13,-1.9054049475039108,-0.7681963888793671,0.5780385562211271,1.2606479463800893
2001-08-14,-1.6535000071613,1.3571297191520015,-0.926638456433078,-0.6850283563766396
2001-08-15,-0.6992233923510726,-0.031546871179631696,-2.080822830215093,-1.3706982536037573
2001-08-16,0.27314320805807346,0.12965527146825134,-0.39491427063817336,1.352270766461983
2001-08-17,0.19549117015827525,-1.466665276683826,0.6986055758911076,0.16793067923978383
2001-08-18,0.33744108592172645,-0.5731654460391952,-0.20017106406733623,-1.2635465813238116
2001-08-19,0.3729925998379763,-0.7378621673167777,0.810371565225611,2.328753178862229
2001-08-20,0.028473702987045206,-0.0879598391804887,0.06047035941720758,-0.06331775486101335
2001-08-21,0.4192269348299386,0.6666876290390158,-0.3075019752302029,-1.4238101947171167
2001-08-22,1.0442080664688014,0.040713617233145545,0.36382728590578023,1.2987200453714174
2001-08-23,0.5346166097561509,1.0416681114036117,-1.6207343350152528,0.3152933407760767
2001-08-24,-0.6149919235501831,0.9112697779749364,-0.24162048347319198,0.7686034984375218
2001-08-25,1.170334497127215,-0.06915854269586813,0.32007622760306814,1.4006418216679395
2001-08-26,-0.073627665194691,-0.295259494161952,-0.139900189538005,-0.09952084965370837
2001-08-27,-0.9662625861300673,0.5490279222736044,1.006874203844508,-1.2925356013359828
2001-08-28,0.46260810286077675,0.016671212193012104,-0.5887391021823529,0.9665059604936895
2001-08-29,-1.6667137940478014,-0.4051225671703991,1.1420074581129476,-0.5160405422718447
2001-08-30,-0.11482393672750879,-0.06688854718538947,-1.5062767808225461,-0.5535078668402369
2001-08-31,-0.37087480874375056,-1.889315716455759,-0.942811602270156,0.270418091585582
2001-09-01,-1.0221340620170674,0.13764801579890937,-0.027965424124234944,-0.4578802977572825
2001-09-02,0.49166816970111993,0.2956179733822267,-0.3227171038953877,-1.1765870123076556
2001-09-03,-0.8605153352871895,0.2741534180921854,1.3020400089633253,-1.1169251805199332
2001-09-04,0.3414715168029368,-0.18998596028709294,-0.43744810351505875,-0.7229369649366846
2001-09-05,-0.9496769024004769,0.4177562974340611,-0.9623137187704474,1.405221576872541
2001-09-06,-0.2997641133119857,1.0483218785919959,-0.6872841722519103,2.3577144455010486
2001-09-07,0.11804127060663129,-0.4430579650435708,-1.897780908242537,0.5511611177316127
2001-09-08,0.02378762904707821,-0.13469708047531365,-0.30927106932849996,0.5265694204109814
2001-09-09,-1.0129795670853525,1.9406524918648134,0.5300409865113196,-0.2870133097120453
2001-09-10,0.00531452133690627,-0.9038686710134919,-0.43288541939421443,0.8654037707581685
2001-09-11,0.5188425269055623,0.34779923185384526,-0.31150783331012094,-0.5526022943733596
2001-09-12,-1.2286843338956586,1.0449822235353894,0.24573360051268053,1.397764154693296
2001-09-13,1.0846590303979458,-0.7467666794737269,1.4908212664144203,-0.38596050889935923
2001-09-14,-0.5782524865654529,0.5148936324526485,0.6732501891963533,0.9493441991851023
2001-09-15,1.0603589684448191,0.8426854457468156,-0.3580138339387695,0.6122309970190617
2001-09-16,-0.07731400148969007,0.44709045460629226,1.710773581749323,-0.46142928789124593
2001-09-17,-1.0476890403320902,0.11235280197223788,0.15119396560300283,-0.8681971130493218
2001-09-18,1.1122608035341994,-0.17692070188607434,-1.0205036227190585,-1.4215401435452872
2001-09-19,-0.18914734767405447,0.27611262603609066,0.19443813182992697,0.26156497752516267
2001-09-20,-0.704624664170137,-2.2245868924187446,-1.1556775164405626,0.6101965986933428
2001-09-21,-0.6858942761112161,0.2785216675181054,-0.48622615813555997,0.18669711013915208
2001-09-22,0.7077896986218704,0.06790436948150992,1.3022066682196118,0.41422512393986144
2001-09-23,0.5715697779829938,-0.37827726460786265,-1.7081041745642098,-0.4810306328376992
2001-09-24,-1.4384952744156079,0.46937634660950645,-0.03328211199808206,0.37866589577903803
2001-09-25,0.6228401382014216,-1.9468174818137942,0.3173995522412686,0.4016410151339662
2001-09-26,0.5281163833956389,1.0518764833820053,-0.11776826539742173,1.1712650759057723
2001-09-27,0.5510518913580879,0.6222573044789823,-1.0222394958587684,-0.04604154697640819
2001-09-28,-0.05921271885064593,0.4701944396427073,0.828895409667833,2.449963160556924
2001-09-29,0.9549412623688004,-1.135226582624149,-2.182471515821389,-0.4701011580321895
2001-09-30,-0.30555877464166986,-1.142611033017786,1.4033218857185623,-0.5493382842407806
2001-10-01,0.21383060848095614,-1.0500598881645984,0.3781381712336564,-0.6544532412631908
2001-10-02,-0.16384651752641471,-1.1998082311356726,-0.8165343642425773,-0.8559338254137812
2001-10-03,0.6179814722980608,-0.7882040790708827,0.06427165367589316,1.1286231192942315
2001-10-04,0.24031353700166558,-1.342239940319802,0.6342720372652237,-0.22196416174870062
2001-10-05,0.911026553128986,0.8523956923440017,-1.2650353118840472,-1.6744637544715544
2001-10-06,0.27684135536826787,-2.367572504444313,1.0752999972414634,-0.25450786474328835
2001-10-07,-0.082177922725239,0.07756965285268974,1.9204856045212013,1.073786776933958
2001-10-08,-0.4500235796458456,0.07531251146962648,1.7665373713193337,-0.9303125499029773
2001-10-09,0.03890313521918737,0.039362447995496194,1.278619933247326,0.06097981833686185
2001-10-10,1.1873918436464976,0.7788928318768146,0.05358193654209665,0.6578684857177988
2001-10-11,1.0796966304232647,-0.9264142084061412,0.24669525847738724,-0.43099031591925335
2001-10-12,1.5746204541503614,0.37105806661417057,-0.6628677201088851,0.6032784394068469
2001-10-13,-0.6421528909314346,-0.12537226612114796,-1.277700483022158,1.0293243494247823
2001-10-14,-0.0681763096387512,1.1959701270190886,0.9760828789094569,-0.8202811921942192
2001-10-15,-1.7869139367754359,-0.32409437827387777,0.5062404153839101,-0.16919973476692432
2001-10-16,-0.6270112262963767,-2.617232606657219,-0.9240594329174494,-0.17225902434901672
2001-10-17,-0.5079266589135834,-0.7117256058802319,-0.849393577823641,-0.3552021225164581
2001-10-18,0.6840794557059129,-0.20071327218569215,-1.511267803101401,-0.36037851204620797
2001-10-19,0.8600361290874292,-0.23961548651721404,1.1414755679524637,-0.7770870771012321
2001-10-20,0.585792139000932,2.6806377268587473,-0.7141277197742423,0.02182990314854476
2001-10-21,-1.9249390328871916,0.7470156573299038,-0.3632593847475878,1.727468965342039
2001-10-22,-0.6533301039838448,1.2041079702400839,1.8691864030367467,-0.3328792622217254
2001-10-23,0.7069563077815703,0.9154900002270999,-1.9656551615132787,2.687556612812838
2001-10-24,0.8810433182651773,0.032934108624210735,0.12631480782134585,0.5430487480469658
2001-10-25,-2.2536249478723627,2.045962047281111,-0.9077288720389078,0.11578236869444813
2001-10-26,-0.5435983865637325,0.32833667075792466,-0.7364017244822288,-1.5410583753077678
2001-10-27,-1.7433530133154802,0.5593918113177021,-0.5596227731583683,0.31318437488925854
2001-10-28,-0.4343614883983747,0.2955763754498544,0.24969035417683502,-0.2692349240247371
2001-10-29,-0.02836033760270188,0.7843837264336263,0.7501911013459689,-0.23729053713482465
2001-10-30,-1.6172164652292798,-1.1377068864478215,0.7849071270327431,0.7188707136823304
2001-10-31,-0.29196682720044875,0.30443201955965404,-0.13637678937471648,-2.183001670008132
2001-11-01,-0.24815205963526316,1.519910861824933,-0.7144586852525218,-0.3525647001657441
2001-11-02,-0.6510546518419799,-1.1529071614170376,-0.3795741384066172,0.481093688105331
2001-11-03,-1.274777966035146,1.003523938325948,1.5955778979146809,0.0017642193057543153
2001-11-04,-2.5986431584254137,-2.3379724955893204,0.368418778264558,-0.9264703563768404
2001-11-05,-0.7942514872832027,-1.6848373118823659,-1.1368411864984376,1.6835059598151714
2001-11-06,1.2817304426786564,-1.5666676281599121,0.6280246595734839,-0.5870444717920147
2001-11-07,-1.1048142911740455,-0.2375437399350397,0.27815221962035486,-0.9867142461740148
2001-11-08,-0.6331055179931558,1.8853357224723266,0.22665736601015754,-1.3764167738058615
2001-11-09,0.18109265672491476,-0.099407601642783,1.535285262031375,-0.8559661675521886
2001-11-10,-0.21184460441777855,0.003001096645118495,-2.32276110613162,0.39681736192320344
2001-11-11,-0.013865029385910827,1.362935386326111,-0.25740437467957994,0.3310614672764349
2001-11-12,-0.6519700326610431,0.15506389273625518,-0.4665358325895897,-0.028169309080126687
2001-11-13,-1.021416831995359,-1.69638634293209,0.5682669725477425,1.2702749409810477
2001-11-14,0.2866491052058132,-0.4641798817824016,-0.8825203475002975,-0.5168811338003839
2001-11-15,1.5871098442459561,-0.7322947221600633,0.4048518757298932,0.2016938829608473
2001-11-16,0.5951449850996627,0.08552248903886936,0.34036610085997265,2.9663895746375704
2001-11-17,0.14440691858132404,-1.890559567575778,1.9929440823173619,-0.5683943240004586
2001-11-18,-0.6626918039544379,0.3561780175748662,1.1545397131145008,1.529521837745355
2001-11-19,-0.5512357804138374,1.0842486725988345,-1.3983176781979785,-0.2445410981473523
2001-11-20,2.1485720334292866,-2.299433765708667,-1.247854602415212,1.1952017584633776
2001-11-21,-0.7014536811140143,-0.3493947906485504,1.0378868119402673,0.40057884328361115
2001-11-22,-0.5499130896694393,1.377086974401767,0.6922130717642864,2.259551892674452
2001-11-23,-0.6715996670799061,-1.5170477210829758,0.23266384586295122,1.401023250781775
2001-11-24,-0.3991124626530582,-1.2914002562465203,0.6669585244686403,1.1568919255423051
2001-11-25,0.11174595796711487,-2.0723210572573683,-0.6097863954671255,-0.5933958729305975
2001-11-26,-0.07582914787975144,0.3252442054008788,0.5329191776405628,-0.2165691052519184
2001-11-27,0.6941156793966649,1.5848001151087059,1.2056319092113585,-0.3950318610242119
2001-11-28,0.7501612872011985,-0.6512442054923102,-1.5337278939293242,-0.4970753608225627
2001-11-29,-0.14313816705214946,-0.7891859287396381,-0.9298936824512964,-1.1847873656575285
2001-11-30,-0.932296280549286,-1.4520247902294454,0.8495283158303899,1.0233573897112413
2001-12-01,0.8142136646274596,-0.8773976974169707,-1.905206289746382,-1.4368669366408706
2001-12-02,-1.0388719800641648,-0.2485891419447084,0.17791709940142827,0.4849001784127966
2001-12-03,0.695167607867418,1.3482218358847495,-1.3464359309386282,1.6027639281160921
2001-12-04,-0.1297645360113375,-0.7924011745693884,-0.11456101836374152,0.8709958906469509
2001-12-05,0.5557833135123617,0.9543012498885518,0.2713603037703871,-0.6263472805437021
2001-12-06,0.8585085271839208,0.5876601447568788,-0.8184889251483624,-1.182111919510488
2001-12-07,-0.07419371303434225,-1.3927055317568782,0.05903699367157184,-0.595147825983324
2001-12-08,-0.6118011975098703,0.04788780278855091,0.5504818953011058,-0.5655115165304171
2001-12-09,-1.7315157705338164,-0.270876801016678,0.13800798680007895,0.6602017880180778
2001-12-10,-0.5566002210059922,-0.4292299645448395,-1.3677954649419217,-2.1909353905132956
2001-12-11,0.7917253277237384,-0.022387305276475238,0.5268327387555384,-0.04575809248967979
2001-12-12,0.6378857300883889,-1.2846657965641937,1.3817490649120385,0.22908639967755165
2001-12-13,0.5418496483852993,-0.22778018597963648,-0.25610317164760754,1.5437143325962603
2001-12-14,1.0858188193701006,0.7793919256665951,3.43979030592256,-0.5525862278384802
2001-12-15,-0.3321969848457062,-0.09973799751717007,-0.660266314546886,1.9008208129366424
2001-12-16,-0.6335751410254931,-1.14733850335589,2.0540546924425227,-0.7613890834752995
2001-12-17,1.0687005696204588,1.2441890467090182,-0.9147288043911349,-0.45885872321074644
2001-12-18,0.1939101392758956,-0.7180418699602471,0.6235363454449833,-0.378080054915356
2001-12-19,-0.08214857465299422,0.692447643904676,-1.0222662859890392,0.5695203193923728
2001-12-20,0.32720825443384915,0.33612519877404035,0.5514963096411708,-2.293427690978139
2001-12-21,-0.7262644072017972,0.4758815742197465,1.8820895815789924,-0.8854908936702012
2001-12-22,0.4466011571263151,0.6710057874966057,0.3651022711874075,-1.3538517801988443
2001-12-23,0.3577830673237961,-1.4508514333325828,0.5480745218059101,-1.0657291374379847
2001-12-24,0.08366217285489416,-1.21516436808277,-0.5690033728873218,-1.8368936630835024
2001-12-25,0.1854146037824396,-0.13667059003709633,2.2246322683858843,-0.43729472375571743
2001-12-26,0.09169274731030733,1.310532351630722,-0.017907625720516688,-0.42661797139318575
2001-12-27,0.08230839978700219,-1.3544045872726722,0.749010568271135,0.5134873968398226
2001-12-28,-0.5383353306534201,0.544615863787458,0.0666584073564928,0.5773188922402814
2001-12-29,-1.2873364805725342,0.7024297421774909,0.05350348856402176,0.1780940270450021
2001-12-30,0.9623491623750972,-0.7032827668520413,0.7587447569310994,-2.4492572988550574
2001-12-31,0.44557579686493404,-0.4840204624847931,0.7224908197170018,0.004351152355169286
2002-01-01,1.3517439531113324,-1.5528229435106131,-0.3478875631868824,0.06749453118540333
2002-01-02,0.977676474067044,-0.6071280320314786,-0.8605769558946808,-1.1337587624288772
2002-01-03,0.08470413364490204,-0.6298786774838242,-0.5066787044191702,1.604181641095439
2002-01-04,-0.9671554244819622,-0.836599105857362,0.030994925315015073,-0.8743217748341213
2002-01-05,-0.3851609876173555,0.15215708416591237,-0.4582854999168761,-2.256328509822722
2002-01-06,-1.7128297185492734,0.42344108929816704,0.47249180981148653,0.28602752961230044
2002-01-07,0.10009673310615988,0.11270129283636561,-0.6495972911940815,1.6543674947689335
2002-01-08,-0.8975200178484639,-1.4520415932696522,0.43484623580717163,-0.40051801957246685
2002-01-09,0.4616953433694635,-0.16066445656566472,-2.9474576716502012,-0.7283417798429314
2002-01-10,0.3336818540012832,0.7073375773905627,0.6235346709374459,-0.002507745632281339
2002-01-11,-0.9945700279240339,1.244586871998561,0.7455034279501423,1.542574229761356
2002-01-12,0.5798098082966388,-0.7442489716747591,1.3834815926456179,0.4791316196614565
2002-01-13,1.100597878497664,-0.07161640270704381,-1.0557577262307638,-0.15633039060756743
2002-01-14,1.6693568943991957,-0.45342560512008107,0.5991032913626421,1.4043304669035084
2002-01-15,1.2125254011495208,-1.5591650540798643,-0.8783987444638155,-0.04160595523851302
2002-01-16,-1.4379974169809289,2.1252499357303356,-1.0100302362126918,0.10342409385979454
2002-01-17,0.3865339991187225,1.2774052898048067,-1.4395163777482578,1.4431928821963802
2002-01-18,-0.9892419465639597,-0.1994476495110156,0.0929544221722339,-1.6796462206618354
2002-01-19,0.5543682655931973,-0.6856315848504914,-0.8123892110849061,-0.7258269773730531
2002-01-20,0.5742719882996415,1.8867343809893438,0.15721581305690066,-1.1074647635061667
2002-01-21,-1.517991463198091,0.8497549154430084,-1.0717182628930952,-0.4151858068283093
2002-01-22,-0.3054737653407701,-0.19415650996071399,-0.6291172684894978,-0.4278428389524564
2002-01-23,1.1657630010382163,-1.6614873554412646,0.8738635295008836,0.5415033293562818
2002-01-24,0.38508884892575485,-1.7945610622953232,-0.5153927506319725,0.19896160217937953
2002-01-25,1.0621728912053074,0.3638944404314029,0.27482010740637697,1.21863932224513
2002-01-26,-0.08972819069513974,-1.0077417922357186,-0.6273488111273647,-0.18772162714986984
2002-01-27,1.6921339735445604,1.0894043338280213,0.20790409171937116,-0.3070891294463199
2002-01-28,0.9528642171166299,-1.7037474628201779,-0.37811427631286226,0.2873122350127167
2002-01-29,-0.5454306152695042,0.4683250921471064,-0.03553105418269657,0.49284786565264205
2002-01-30,-0.8850785580501118,-0.7280680518181913,-0.8948594921312345,-0.6888674636316033
2002-01-31,-1.9550232922269704,-0.5852636243004977,0.2113298539237043,1.252322589488617
2002-02-01,0.7632982520652584,-0.09798367380018334,-0.014152240896133558,-0.09599535945066333
2002-02-02,-2.660313189610929,0.9733796873539098,-0.02161129291636986,0.4982286050869492
2002-02-03,-1.3131031710753143,0.9917345038284667,-1.1240991856433897,-0.16250204799653095
2002-02-04,-0.7110070170316535,0.058732597252947466,1.2537941390054683,2.12614410636336
2002-02-05,0.7566449527726694,0.30980166683556515,0.8968676715210891,0.010417668016764962
2002-02-06,-0.5812377378792003,1.4879438727642753,0.37108894056841735,0.6241194107055771
2002-02-07,0.4427368498771502,0.008700703661574312,-0.489576384348944,-0.7591716993678441
2002-02-08,0.40678179961984634,0.8130316093037812,-2.2207803479528803,-0.6950819440616536
2002-02-09,0.9902679235233927,0.23824121517415836,-0.15076625683020814,-0.5506103027141038
2002-02-10,0.0791246186347686,0.6905322698391754,0.22462108202307013,0.27603620726630373
2002-02-11,1.6215111613507556,0.32051871742119,1.2900123859629542,-0.9114268212244687
2002-02-12,-0.8534150798758183,0.15793277983448437,0.629230991813447,0.1283137793172416
2002-02-13,-0.8687974518851524,1.6576746152321382,-0.3789143745986923,1.3165835994757042
2002-02-14,0.06937304499476593,0.5358228113439466,-0.1631634847793,0.8483587569974272
2002-02-15,0.960984343339446,-1.391059563106432,0.014855230018635842,-0.1335460228969529
2002-02-16,1.1552370362737412,-0.662323821934038,1.4632812265071833,0.4761806878821221
2002-02-17,0.4771410597203421,-1.290806806251765,1.1621802669460566,0.28620691971370454
2002-02-18,0.18516855745942598,-1.795857046160712,2.4661589910902584,0.614462135455528
2002-02-19,-0.5716652011620479,0.08678180724573879,1.0003634302032598,0.3264553715459137
2002-02-20,-0.6938698093800302,0.2144198231537435,0.35501400540399075,0.45344660742830145
2002-02-21,-1.1368457304509432,2.22853052356951,-1.3048131399327174,0.03636055879798144
2002-02-22,1.74302168808319,0.423414002284105,-0.7146965905750745,-1.059477597028286
2002-02-23,-0.42848594148667013,-0.6928818077246561,-0.8714969584158957,0.0027850998823187247
2002-02-24,0.8724789922017964,0.3505725293953355,0.9724919952770658,-1.1414098344157166
2002-02-25,-0.7746070847244246,-0.35119180022097557,0.4704304298453015,-0.20458046950959963
2002-02-26,0.33425802879943994,1.1657793749984335,-0.3730597691335011,0.7330541969176221
2002-02-27,0.09966932456125054,0.5717662240844008,0.7448096392225955,0.4807200817044762
2002-02-28,-0.6244066989212429,-1.343237124685342,0.8153841620948179,0.3769935913734478
2002-03-01,0.4544707159962663,-2.5651303933162457,0.12548218798221636,-0.5068254940924972
2002-03-02,0.8665368642572359,-0.2858738022823677,-0.6948438932161435,1.422370578015446
2002-03-03,-0.9560471874229426,3.0613726746854186,0.7234212717777645,-0.26160577551785785
2002-03-04,-0.802658242056615,-0.012569554298992145,-1.6897845595004752,-0.5722968868529873
2002-03-05,-1.0289975317873532,0.9270851350058696,-0.11471324003265071,0.6245614674617956
2002-03-06,0.9800108789041668,-0.21058599121582322,-0.10440076839630426,-0.323172784405262
2002-03-07,0.3103164887218783,-1.4368569723812123,-0.0920231322976683,0.07284740567567578
2002-03-08,-1.9333969777927642,-1.1752546870191916,1.0023363312016418,0.13855950715504384
2002-03-09,-1.14501209147108,1.5256491118821283,-0.6844263061818803,0.4891026848743403
2002-03-10,-0.13781126828012272,-0.7433256599708744,0.22014948591207442,-0.7676768420740837
2002-03-11,1.547089336275878,0.3858288999933002,2.114785993712873,-1.2052687203222268
2002-03-12,-1.1172017263707277,-0.0783911986389305,0.8429569697957406,1.3583309948041835
2002-03-13,0.1465561865000184,-0.9876266172615851,0.36400289096233845,-0.4974340231059224
2002-03-14,-0.24080520937981684,-0.859237036120179,-0.5205178620610945,0.05767150022184487
2002-03-15,-0.1639691070043144,0.41527953787928484,-0.7026869778970184,0.13175720741783106
2002-03-16,-0.4249468737109632,-1.412485020347934,0.43556182061767074,0.6391610554946474
2002-03-17,0.2780544134476278,0.5484844980216075,-2.432270729079278,0.09988669443914742
2002-03-18,2.138064381169298,-0.6294975497875522,-0.686887873407971,-0.4867088704233576
2002-03-19,0.37771450359237013,1.248823794426519,-0.20286730200985825,-0.14979564804253379
2002-03-20,0.9643499414470419,-1.1745198421102205,0.943480900560268,1.0703405271883033
2002-03-21,1.2431940287313477,-0.36605795312505857,2.2305193838893067,-0.3402454484662316
2002-03-22,-0.6264734985355115,1.048063917158426,-0.5706308381002564,-0.3382790201619178
2002-03-23,0.6863517355743678,0.10787460593901134,-0.22133230105680057,0.8691696330700952
2002-03-24,-0.49043273784321273,0.6938260821228566,-1.8029537646576361,-0.40645223168965305
2002-03-25,0.8147529845097766,-0.8084767515537787,0.48779686860283983,-0.9382490538718784
2002-03-26,-0.27176532879471926,0.36345642725006494,-0.12813301960423779,0.33597533419775283
2002-03-27,0.2613384019255382,-1.0602649508254247,0.43051982938140615,-0.8448842033687348
2002-03-28,0.30422656790809127,1.191374130203765,0.05032280509967203,-1.5522706766407817
2002-03-29,-0.44383469737511544,-0.8477958465272327,0.11190748549855624,0.5179357246354361
2002-03-30,0.13979390649070148,1.2459724246211412,-0.5239056183894034,-0.2575103332750299
2002-03-31,-0.9842919325368108,-2.112831899336929,-1.7199875158064994,-0.6667117248192664
2002-04-01,0.9644441612157484,-0.3658483246000203,0.18525279064554395,0.7771249559387374
2002-04-02,0.8750941520746209,-0.8406648438943004,-0.9468952577856325,-1.1641793208388296
2002-04-03,-1.8907909938183496,-0.1278126919709998,0.8925852864257104,-0.08774190127093971
2002-04-04,-0.44523280365843626,-0.8682645582684773,0.16050622049114446,2.1889767904126054
2002-04-05,1.2306037920945374,-0.6529873551007364,0.10435519218850792,-1.153362399772139
2002-04-06,1.4997459833437,0.7093898368801071,0.8826200959440995,-0.6445103256227549
2002-04-07,-0.7865788902947848,2.065138137082137,0.6118992437052218,-0.9424244441069717
2002-04-08,0.42052198836140303,0.3516547249952721,1.4699500952065458,0.7009914870459933
2002-04-09,1.0765686984044873,-0.6147965535701633,1.4922590484564473,-0.5286611430102196
2002-04-10,-1.0391947207700187,-0.08965944811148899,1.267407567758805,-0.019694008815941067
2002-04-11,-1.5926966108471217,-0.7437830150818352,-1.5806250482461208,0.8800821203794627
2002-04-12,-0.4196777480639273,-1.451366167956392,-0.9025614484528213,0.8777986486333272
2002-04-13,-0.21472587239120286,-1.6978274223070808,-0.20507631693677378,0.35271920555019576
2002-04-14,0.1622483777136614,1.2170430179864837,-0.8109302724838815,-0.3085122130078598
2002-04-15,-0.502981764924403,-0.9017159648313586,0.9386736875911874,1.008638400858471
2002-04-16,-1.179054130953508,0.49967413059275295,0.3137834948466036,1.3252250583023801
2002-04-17,0.9266729937990604,-0.41206158395057085,-0.6435581806041676,1.7060272656913233
2002-04-18,-0.7341334857241048,1.50889059858735,-1.2095209324760403,0.21842655140622225
2002-04-19,-0.8140602867406589,0.608321838714022,1.7876471992410239,-2.1730188920686624
2002-04-20,0.50553218576771,-0.24821472372988976,0.9484312719753485,0.17405585167554813
2002-04-21,0.30007211876725143,-0.0006425897923958151,0.6139975808263961,-0.08342881168140798
2002-04-22,1.8253429709681481,0.35588633645980466,1.3738837063660554,1.4189120982448213
2002-04-23,0.42632929862758095,0.6390017156418449,0.8120189330632651,-2.1852450360993085
2002-04-24,-1.2249825039625748,1.4636170879470427,0.5643103325321744,-0.3944645568176029
2002-04-25,-1.0918828062479549,-0.9467647552503206,0.47495080349705154,-0.6629455114535593
2002-04-26,-1.2428056223574884,-0.9243052868304638,-1.2964938476769923,-0.9138223905970927
2002-04-27,-0.5028205944893696,-0.31102476789026023,1.501988297449313,0.267788316287122
2002-04-28,0.31070708748533804,-1.4619865758322403,0.3935955973447565,-0.8120689702766376
2002-04-29,-0.7251512135373808,1.851698737275395,1.7596709645865396,1.814676994343295
2002-04-30,-0.6677004564467486,1.0015624369840883,-0.9527845046471565,-0.18921798394086475
2002-05-01,-0.709033242610537,0.7943003515765081,0.8859403345487373,-0.5935349000662771
2002-05-02,1.993558190065663,2.098138317829928,-0.7165573024922672,1.8168600218409794
2002-05-03,-0.3874535298301984,0.05223497906834268,-1.1586326514438932,-1.249562189926495
2002-05-04,-0.3780458191676041,-0.7292094282476493,-0.24573542904572862,-0.4190604274176435
2002-05-05,-0.7522535912612166,-0.7802128574987834,-0.7933984633436184,1.3456280865103887
2002-05-06,-1.0507082511864956,0.015827113951922017,0.5794710246380959,-0.6984714139730411
2002-05-07,-0.336132011554421,-1.5460384363741797,1.2365186682548452,-0.07147828702044212
2002-05-08,0.8208964034667239,-0.33289287385321825,0.9680582010925003,0.460322246630746
2002-05-09,-0.6487033491730518,-0.7240134384908464,-0.2779490384271838,0.8155284106006322
2002-05-10,-1.5144484013751232,0.7890104407171797,0.03900934987748865,0.4456006606312441
2002-05-11,-0.7487155706586222,0.18636207306742944,0.2254877076553201,0.436326210578815
2002-05-12,1.5522570018131214,1.6170573168838676,0.9865648472766159,0.7687068712950657
2002-05-13,-1.5459128839289489,1.300512788096962,0.6998878446580327,-0.5689024335470063
2002-05-14,0.8879270679146392,-1.8562665789515982,0.25401290044354397,-0.03281158618567578
2002-05-15,0.5631146675227818,1.9196316193745493,-1.4085484786027864,0.4607786097476219
2002-05-16,-0.4006358962948498,1.0134260403391562,-0.1131253440978577,0.49040769122511174
2002-05-17,1.3729997359817696,2.216752247126049,0.4982328958484197,0.9611469753881592
2002-05-18,0.18689942903494858,-0.700546100127758,1.1069229641759233,0.01631554175662852
2002-05-19,-1.0854202729624627,-0.6580999847790475,-0.6250343338054204,-1.0061509116162946
2002-05-20,-2.248560163162311,0.44781598978753434,0.744559859369911,-1.8234952168273153
2002-05-21,0.4335422448788644,0.3598275320879976,-3.591665316939259,0.08585372210743242
2002-05-22,-0.5225069569834321,0.6647105522977264,-1.5662914445763476,0.3677063885070416
2002-05-23,0.7597878372579636,1.4937953711736218,0.14593448721530755,0.7671612583665035
2002-05-24,-1.5797588018712978,0.6179057439384891,1.3250058778409302,-0.9598543497861126
2002-05-25,0.3151593838110866,0.37948363134533847,-0.01232980223771455,-0.9475250866616332
2002-05-26,-1.0712012133004347,1.7986107809465581,0.19872960137265436,1.7223722278334108
2002-05-27,0.4927053704443449,1.1584325753674785,0.09971408319343646,-0.4503364855044187
2002-05-28,0.7705969201337914,0.787268710265561,-0.4076786310948819,-0.425098182817911
2002-05-29,0.18272177510615667,-1.9482089949742263,-0.7192743318086929,-0.06647346806616528
2002-05-30,0.7690527795520918,1.1679341458139139,-0.6264662533477651,0.7331455916851124
2002-05-31,0.81737131610436,1.0741158332984948,-1.1345925920108098,0.0388687871442017
2002-06-01,1.4053480081152834,1.1614400044791064,-1.1136584577282398,-1.0127017812817498
2002-06-02,-0.042917407318805896,0.8408586918246569,0.4068070258008409,0.20272205630788773
2002-06-03,0.1033665110123074,-0.37737646832873384,-2.82483456562943,0.0042857248069890575
2002-06-04,1.3684683868403666,1.4008834814138222,1.907515974941443,1.1270133894346401
2002-06-05,-0.39584958537308274,0.6279092462176582,1.224483123126393,0.10501660766734346
2002-06-06,-1.3316291046848503,0.1312084242232519,0.69302897675804,-1.7249067123896242
2002-06-07,-0.7617036824050838,-1.6882930555032791,-0.9261750974202129,-0.5801913701490063
2002-06-08,-1.6076806894758469,-0.8574185222589925,-1.9413287438862468,-0.47713680870560293
2002-06-09,-0.15429034800095465,0.9730704327726369,0.021134795979397415,-1.4805643434041318
2002-06-10,3.2760732772496888,-0.49100680290712473,-0.15847928346465406,-1.121573052063103
2002-06-11,-0.08444099450714389,-1.2450161931190866,-0.8513195703254095,0.25842213143081916
2002-06-12,1.0681974824891258,-0.01838904154623929,-0.8009092815453778,-0.1409045582880613
2002-06-13,0.042434699087706335,1.46692750018879,-0.04983099304721695,-0.7832472574097608
2002-06-14,-0.07478740884304852,1.179220084600681,0.004549380394607208,-0.38882645095390955
2002-06-15,0.821417795432592,0.8092416926628241,0.43044314659845684,0.807761119193151
2002-06-16,0.1326308605198493,0.9413004069826394,-0.7932284827370343,0.1967945783034678
2002-06-17,-1.2365951698462248,-0.6354100636926877,-1.1628814078962708,0.25185885706826694
2002-06-18,1.3023774140634117,0.16263109251597246,-1.853375495843002,-0.07009494678733931
2002-06-19,0.4925678052775751,0.3788897486957422,0.24174873826658383,0.8739715694399084
2002-06-20,0.08920772535080576,0.33970884311802413,1.657432249152587,-0.5046521813487848
2002-06-21,-0.7119536835313394,-0.2875886304730258,0.6164095274620937,-0.3517690749142694
2002-06-22,0.07581142859688891,1.0588483158640898,1.3739791886653498,0.35532352746990664
2002-06-23,-0.7635436380292204,-0.7772542903275313,0.5633978389411326,0.6928898799123484
2002-06-24,-0.3422865311511535,-0.7860281200712085,0.6002876056085379,-0.6475796444241438
2002-06-25,-0.13899400522155417,1.5249416680614065,-0.554344892459363,0.5076455063075038
2002-06-26,-1.261547470579813,1.1423215491466876,0.3922619775503787,-0.03237866555680285
2002-06-27,0.6343102442621632,0.3019866279805747,0.29540555607593594,-0.8984726215513634
2002-06-28,-0.037691863018146456,-1.059625261713921,0.6676030221619305,0.8701586540187518
2002-06-29,-0.522628430001031,0.10471453721621721,-0.8095408390893879,-0.9442359294978244
2002-06-30,0.4766695994884433,1.4258498084952065,-2.5842328239235863,-0.2074387377420979
2002-07-01,-1.5503717780675321,0.40430887044399577,-1.9013213355809453,-0.9605106612527761
2002-07-02,0.6652372027182476,0.7685775648006012,-0.05539475392810045,1.4155690491183401
2002-07-03,-2.7302463089277103,-0.37686519718483164,-1.097874489978529,1.3533910103578908
2002-07-04,1.2626555055711008,1.7540368810185927,3.0340300039306514,-0.07086306702554218
2002-07-05,0.4261886977722966,-0.31545593254582294,-1.0121000450244904,0.01742094089456279
2002-07-06,1.0370485219439212,-0.9434844018744868,-0.3967078995101429,-0.22712688773569664
2002-07-07,0.5544230986818457,1.09610473415865,-0.8492056522214804,-0.016704948218477483
2002-07-08,0.12343610856467647,1.4123454350902271,0.09175787614291323,-2.6123246198845917
2002-07-09,-0.045155885840495284,-0.4367333491523916,-0.2857848423060625,1.0247404051026847
2002-07-10,0.6841814849523942,-0.4800646764578635,-0.010023563317160956,-0.30518764284044114
2002-07-11,-0.5834402290308001,0.28337550502806613,-1.8315387838991342,-0.8401379181963632
2002-07-12,-0.9061150720701171,-0.8881644403486124,-1.0255370525523313,1.450307530938551
2002-07-13,1.3591811889113328,1.3984044218408356,-0.0840828767212281,2.3887502666825196
2002-07-14,-0.119899294335817,0.2830507106382931,0.8718018356350392,-0.9051280571284268
2002-07-15,-0.6748256946469438,-0.11389703356513421,1.1391470788192153,-0.048007364681084054
2002-07-16,0.8295848352951303,-1.8660870168230108,0.6646051253173308,-0.5481244474393402
2002-07-17,-0.355383385914784,-0.678715439089141,0.21614672491520479,-0.4847766913113471
2002-07-18,-2.14177831809639,2.4630366125014342,-0.0437401982950795,1.6841130392153227
2002-07-19,0.37488859875225894,-0.5446842214482984,-0.2135925814527591,1.1799261172125577
2002-07-20,-0.7612782394678548,-1.2363367064858226,4.527853589006279,1.6083318791811165
2002-07-21,0.01830652387888842,-1.5402699202842323,0.40483225728960853,-0.4179159554523966
2002-07-22,0.42695136004786133,-0.4024711268380567,1.4471168424107153,1.211640409955254
2002-07-23,-0.5327165660044583,0.5049983942871471,1.2473048759122354,0.45012346078240595
2002-07-24,-0.5459156648430356,1.8791809338994223,-0.18698660037396986,0.980590935270402
2002-07-25,1.5724102984070403,-1.3730758038383677,-0.9518825121199499,-0.5284436131142751
2002-07-26,0.6747705336431525,-1.1277163049650887,-0.659402286564449,0.39381522048929946
2002-07-27,0.2291213194588836,1.5318120916647024,-0.4694197824444039,1.1026330539075493
2002-07-28,2.0149460373384094,-1.294997667664624,-0.9077599374225923,-0.2827692603689929
2002-07-29,1.176472956746265,-1.2809628278498317,0.10155069790468807,0.20362365102639782
2002-07-30,-0.8268803796270167,-0.1822480395960606,-0.3054307416508303,0.6469165176736045
2002-07-31,-1.0688363306339825,-1.7320476597733716,0.6911516308300839,-0.28372010114476093
2002-08-01,-0.5199873828521626,-0.6356890693574487,-1.1356849236210997,0.8404089886361288
2002-08-02,-0.17699457267264188,-0.8242948805443812,-0.27280095711866215,-0.08414190664715365
2002-08-03,0.652182671202539,0.7084002535853662,-0.5814687970859602,0.02489739993191536
2002-08-04,-0.4583990820932551,1.288441040403548,1.0943218010226048,-0.4314856634404069
2002-08-05,-0.1233063169482,-1.0093688765819568,1.2226595581479847,0.992794626398151
2002-08-06,-1.4597118195077157,0.6662989445788233,-1.3441003146343893,-1.2661089676407986
2002-08-07,-2.217667296260815,0.9433098630279004,-0.0751432483820667,0.44833105362567593
2002-08-08,0.7093039411681308,1.7475465999583082,-0.7212409870081428,-1.7199958382910399
2002-08-09,-0.17278704722920324,-2.0454031819544456,1.276420836146263,0.6447832962565356
2002-08-10,-0.5416715599592657,0.2090761550572078,0.905967053361004,-1.1672820875511392
2002-08-11,-0.0022740956220772043,-0.7126340329761456,-0.07397355330504202,0.9352833496786604
2002-08-12,0.4922813756494807,0.5767184559483957,0.10108174722014832,-0.28239534773023484
2002-08-13,0.9833432596003809,1.6884756131530694,0.9784282719444017,0.8048259765548896
2002-08-14,-0.2604732631767021,-1.1457164021012853,-1.0628887142315129,1.01292095366755
2002-08-15,0.02727195783701837,-1.0011814620369288,0.984253297000673,2.408611064334743
2002-08-16,-0.530044079166799,0.5750184710652285,0.41846399149072544,-0.9546985793277905
2002-08-17,0.20186091167028816,0.45846104935468135,0.383384706695165,-0.01856489004729121
2002-08-18,0.3778171466772359,1.5848080135420954,0.1216835968117887,1.4774386536153588
2002-08-19,0.49353891682296225,0.09773335083996061,-0.6561947412865737,-1.1518171739276262
2002-08-20,0.7365107856110891,-0.4474945355012379,-0.9928052580560008,0.7818237661033349
2002-08-21,-0.49891933713079456,-0.13199698114545347,-0.4961992061304224,-1.2707143655088189
2002-08-22,-1.6204154784288916,-1.5666077339370716,0.7758599671517725,-1.2271014053941836
2002-08-23,0.5717908382677566,-0.10366887100154852,-2.099430125046256,-0.36419334012351706
2002-08-24,0.049438182040640724,-0.35939250371057146,0.3931019478289119,-1.0411189337773195
2002-08-25,-0.9903243858495252,-0.35653239934259345,0.2512585251573346,-1.5809731962662725
2002-08-26,-1.4656388184992075,-0.4895572359832486,-0.23114570043962285,-0.22070227142002055
2002-08-27,0.4181826400808741,-1.811680928167546,-0.6126104470889742,-0.21343413311010026
2002-08-28,0.33409383281507454,0.41591831286186937,-0.09389423150352018,0.8237475722425852
2002-08-29,0.2406310237956379,0.24255964817560657,0.6293857913807867,0.8854355194665467
2002-08-30,-0.4589580038972984,1.3622702930747492,2.162454606129022,-0.5931421308535678
2002-08-31,-1.6537399038266094,-0.2138210314609385,1.6084747982104803,0.4777839018745999
2002-09-01,-0.7837650222070786,1.5563510562431013,0.12329670228369571,-0.8824205337661016
2002-09-02,0.9565415096328013,-2.5005357235240506,1.1306393888971575,0.8236845656104501
2002-09-03,-0.9659782186308098,0.1769253544921156,-0.4688098569233766,0.2141827847247402
2002-09-04,-0.35425285422744646,-0.6336774395445584,-0.9305094077707967,0.2975158282695314
2002-09-05,0.7573166850048955,1.2373203886064008,1.1483108048762591,-1.8979367223772594
2002-09-06,-1.371130520676801,-0.7662995512429588,0.8433992256607153,-0.6934543323565456
2002-09-07,0.6311706911571083,0.8885765781230786,-0.6197221310406729,0.027686169563384256
2002-09-08,0.03893636891821894,0.6101443963308869,3.217228235118636,0.34408182700441503
2002-09-09,-0.41860532838068626,-1.793592044284992,-0.5318353816285082,0.427402853713723
2002-09-10,-1.4041768128130243,-0.5333230635888041,-0.6061104052161409,-0.7239851158759331
2002-09-11,-0.6310047016477865,-0.13170705228897187,1.3926456918609258,0.5897753550366175
2002-09-12,-1.1265300896624737,0.5946365431175553,0.730873137077282,0.5276930684065729
2002-09-13,0.40368760030792916,-0.26265598335567397,0.2444559476387387,-0.6692180848996954
2002-09-14,-0.1257482764359897,0.24738182823074845,1.241057226159174,0.36845616187756824
2002-09-15,-0.025792115708899964,-0.9442074315742535,-0.38909115165550967,0.23089965522800335
2002-09-16,-1.2587951617532367,-1.2991537860204465,-0.7025984805199795,0.630406563577998
2002-09-17,-0.039026807000226094,0.6710021888638876,-1.8923165777698083,0.11350417128887456
2002-09-18,0.2836324157805349,1.0989663126710827,2.9662711608580694,-0.6858533074944746
2002-09-19,0.8658269281216918,-0.5722710455449543,-0.36923490587405255,1.1276932056072024
2002-09-20,0.2003708233697791,-0.9975412604168292,-0.5215190110493453,1.371952983572541
2002-09-21,-0.15139105328058355,1.0390894478613337,1.0985996568378977,0.2757192067582111
2002-09-22,-1.7922674415974982,-1.4254038043161132,0.7634023651027867,-0.13750294557224838
2002-09-23,-0.7260324923800583,-1.0489790377684587,-1.0881026277948227,1.9032714365960581
2002-09-24,-1.3112455601552448,0.2770395538926517,2.7053481939629878,-1.8900966729959812
2002-09-25,-1.9076180517256287,0.7951355321434164,1.1185277735391126,-0.5242331177022198
2002-09-26,1.9094258481125688,2.786333239491247,0.4718142896817095,-1.9083527627463155
